"","21","5","7","3","9","13","23","19","11","17","15"
"1","0","1","0","0","0","0","0","0","0","0","0"
"2","0","1","0","0","0","0","0","0","0","0","0"
"3","0","1","0","0","0","0","0","0","0","0","0"
"4","0","1","0","0","0","0","0","0","0","0","0"
"5","0","1","0","0","0","1","0","0","0","0","0"
"6","0","1","0","0","0","1","0","0","0","0","0"
"7","0","1","0","0","0","0","0","0","0","0","0"
"8","0","1","0","0","0","0","0","0","0","0","0"
"9","0","1","0","0","0","0","0","0","0","0","0"
"10","0","1","0","0","0","1","0","0","0","0","0"
"11","0","1","0","0","0","1","0","0","0","0","0"
"12","0","0","0","0","0","1","0","0","0","0","0"
"13","0","0","0","0","0","1","0","0","0","0","0"
"0","0","1","0","0","0","0","0","0","0","0","0"
"14","0","0","0","0","0","1","0","0","0","0","0"
"15","0","0","0","0","0","1","0","0","0","0","0"
"16","0","0","0","0","0","0","0","0","0","0","0"
"17","0","0","0","0","0","0","0","0","0","0","0"
"18","0","0","0","0","0","0","0","0","0","0","0"
"19","0","0","0","0","0","0","0","0","0","0","0"
"20","0","0","0","0","0","0","0","0","0","0","0"
"21","0","0","0","0","0","0","0","0","0","0","0"
"22","0","0","0","0","0","0","0","0","0","0","0"
"23","0","0","0","0","0","0","0","0","0","0","0"
"24","0","0","0","0","0","0","0","0","0","0","0"
"25","0","0","0","0","0","0","0","0","0","0","0"
"26","0","0","0","0","0","0","0","0","0","0","0"
"27","0","0","0","0","0","0","0","0","0","0","0"
"28","0","0","0","0","0","0","0","0","0","0","0"
"29","0","0","0","0","0","0","0","0","0","0","0"
"30","0","0","0","0","1","0","0","0","0","0","0"
"31","0","0","0","0","1","0","0","0","0","0","0"
"32","0","0","0","0","1","0","0","0","0","0","0"
"33","0","0","0","0","1","0","0","0","0","0","0"
"34","0","0","0","0","1","0","0","0","0","0","0"
"35","0","0","0","0","1","0","0","0","0","0","0"
"36","0","1","0","0","0","0","0","0","0","0","0"
"37","0","0","0","0","0","0","0","0","0","0","0"
"38","0","0","0","0","0","0","0","0","0","0","0"
"39","0","0","0","0","0","0","0","0","0","0","0"
"40","0","1","0","0","0","0","0","0","0","0","0"
"41","0","1","0","0","0","0","0","0","0","0","0"
"42","0","1","0","0","0","0","0","0","0","0","0"
"43","0","1","0","0","0","0","0","0","0","0","0"
"44","0","1","0","0","0","0","0","0","0","0","0"
"45","0","1","0","0","0","0","0","0","0","0","0"
"46","0","1","0","0","0","0","0","0","0","0","0"
"47","0","1","0","0","0","0","0","0","0","0","0"
"48","0","1","0","0","0","0","0","0","0","0","0"
"49","0","1","0","0","0","0","0","0","0","0","0"
"50","0","1","0","0","0","0","0","0","0","0","0"
"51","0","1","0","0","0","0","0","0","0","0","0"
"52","0","1","0","0","0","0","0","0","0","0","0"
"53","0","1","0","0","0","0","0","0","0","0","0"
"54","0","1","0","0","0","0","0","0","0","0","0"
"55","0","1","0","0","0","0","0","0","0","0","0"
"56","0","1","0","0","1","0","0","0","0","0","0"
"57","0","1","0","0","1","0","0","0","0","0","0"
"58","0","1","0","0","1","0","0","0","0","0","0"
"59","0","0","0","0","1","0","0","0","0","0","0"
"60","0","0","0","0","1","0","1","0","0","0","0"
"61","0","0","0","0","1","0","1","0","0","0","0"
"62","0","0","0","0","1","0","1","0","0","0","0"
"63","0","0","0","0","1","0","1","0","0","0","0"
"64","0","0","0","1","1","0","1","0","0","0","0"
"65","0","1","0","0","1","0","0","0","0","0","0"
"66","0","1","0","0","1","0","0","0","0","0","0"
"67","0","1","0","0","0","0","0","0","0","0","0"
"68","0","1","0","0","0","0","0","0","0","0","0"
"69","0","1","0","0","0","0","0","0","0","0","0"
"70","0","1","0","0","0","0","0","0","0","0","0"
"71","0","0","0","0","0","0","0","0","0","0","0"
"72","0","1","0","0","0","0","0","0","0","0","0"
"73","0","1","0","0","0","0","0","0","0","0","0"
"74","0","1","0","0","0","0","0","0","0","0","0"
"75","0","1","0","0","1","0","0","0","0","0","0"
"76","0","1","0","0","0","0","0","0","0","0","0"
"77","0","1","0","0","0","0","0","0","0","0","0"
"78","0","1","0","0","0","0","0","0","0","0","0"
"79","0","1","0","0","0","0","0","0","0","0","0"
"80","0","1","0","0","0","0","0","0","0","0","0"
"81","0","1","0","0","0","0","0","0","0","0","0"
"82","0","1","0","0","0","0","0","0","0","0","0"
"83","0","1","0","0","0","0","0","0","0","0","0"
"84","0","1","0","0","0","0","0","0","0","0","0"
"85","0","1","0","0","0","0","0","0","0","0","0"
"86","0","1","0","0","0","0","0","0","0","0","0"
"87","0","0","0","0","0","0","0","0","0","0","0"
"88","0","0","0","0","0","0","0","0","0","0","0"
"89","0","0","0","1","0","0","0","0","0","0","0"
"90","0","0","0","1","0","0","0","0","0","0","0"
"91","1","0","0","1","0","0","0","0","0","0","0"
"92","1","0","0","1","0","0","0","0","0","0","0"
"93","1","0","0","1","0","0","0","0","0","0","0"
"94","1","0","0","1","0","0","0","0","0","0","0"
"95","0","0","0","1","0","0","0","0","0","0","0"
"96","0","0","0","1","0","0","0","0","0","0","0"
"97","1","0","0","1","0","0","0","0","0","0","0"
"98","1","0","0","0","0","0","0","0","0","0","0"
"99","1","0","0","0","0","0","0","0","0","0","0"
"100","1","0","0","0","0","0","0","0","0","0","0"
"101","1","0","0","0","0","0","0","0","0","0","0"
"102","1","1","0","0","0","0","0","0","0","0","0"
"103","1","1","0","1","0","0","0","0","0","0","0"
"104","1","1","0","1","0","0","0","0","0","0","0"
"105","1","1","0","0","0","0","0","0","0","0","0"
"106","1","1","0","0","0","0","0","0","0","0","0"
"107","1","1","0","0","0","0","0","0","0","0","0"
"108","1","1","0","0","0","0","0","0","0","0","0"
"109","1","1","0","0","0","0","0","0","0","0","0"
"110","1","1","0","0","0","0","0","0","0","0","0"
"111","1","1","0","0","0","0","0","0","0","0","0"
"112","1","1","0","0","0","0","0","0","0","0","0"
"113","1","0","0","0","0","0","0","0","0","0","0"
"114","1","0","0","0","1","0","0","0","0","0","0"
"115","1","0","0","0","0","0","0","0","0","0","0"
"116","1","0","0","0","0","0","0","0","0","0","0"
"117","1","0","0","0","0","0","0","0","0","0","0"
"118","1","0","0","0","0","0","0","0","0","0","0"
"119","1","0","0","0","0","0","0","0","0","0","0"
"120","1","0","0","0","0","0","0","0","0","0","0"
"121","1","0","0","0","0","0","0","0","1","0","0"
"122","1","0","0","0","0","0","0","0","1","0","0"
"123","0","0","0","0","0","0","0","0","1","0","0"
"124","0","0","1","0","0","0","0","0","1","0","0"
"125","0","0","1","0","0","0","0","0","1","0","0"
"126","0","0","1","0","0","0","0","0","1","0","0"
"127","0","0","1","0","0","0","0","0","1","0","0"
"128","0","0","1","0","0","0","0","0","1","0","0"
"129","1","0","1","0","0","0","0","0","1","0","0"
"130","1","0","1","0","0","0","0","0","1","0","0"
"131","1","0","1","0","0","0","0","0","1","0","0"
"132","0","0","1","0","0","0","0","0","1","0","0"
"133","0","0","1","0","0","0","0","0","1","0","0"
"134","0","0","1","0","0","0","0","0","0","0","0"
"135","0","0","1","0","0","0","0","0","0","0","0"
"136","0","0","1","0","0","0","0","0","0","0","0"
"137","0","0","1","0","0","0","0","0","0","0","0"
"138","0","0","1","0","0","0","0","0","0","0","0"
"139","0","0","1","0","0","0","0","0","0","0","0"
"140","0","0","1","0","0","0","0","0","0","0","0"
"141","0","0","1","0","0","0","0","0","0","0","0"
"142","0","0","1","0","0","0","0","0","0","0","0"
"143","0","0","1","0","0","0","0","0","0","0","0"
"144","0","0","1","0","0","0","0","0","0","0","0"
"145","0","0","1","0","0","0","0","0","1","0","0"
"146","0","0","1","0","0","0","0","0","1","0","0"
"147","0","0","1","0","0","0","0","0","1","0","0"
"148","0","0","1","0","0","0","0","0","1","0","0"
"149","0","0","0","0","0","0","0","0","1","0","0"
"150","0","0","0","0","0","0","0","0","1","0","0"
"151","0","0","0","0","0","0","0","0","0","0","0"
"152","0","0","0","0","0","0","0","0","0","0","0"
"153","0","0","0","0","0","0","0","0","0","0","0"
"154","0","0","0","0","0","0","0","0","0","0","0"
"155","0","0","1","0","0","0","0","0","0","0","0"
"156","0","0","1","0","0","0","0","0","0","0","0"
"157","0","0","1","0","0","0","0","0","0","0","0"
"158","0","0","1","1","0","0","0","0","0","0","0"
"159","0","0","1","0","0","0","0","0","0","0","0"
"160","0","0","1","0","0","0","0","0","0","0","0"
"161","0","0","1","0","0","0","0","0","0","0","0"
"162","0","0","0","0","0","0","0","0","0","0","0"
"163","0","0","1","0","0","0","0","0","0","0","0"
"164","0","0","1","0","0","0","0","0","0","0","0"
"165","0","0","1","0","0","0","0","0","0","0","0"
"166","0","0","1","0","0","0","0","0","0","0","0"
"167","0","0","1","0","0","0","0","0","0","0","0"
"168","0","0","1","0","0","0","0","0","0","0","0"
"169","0","0","1","0","0","0","0","0","0","0","0"
"170","0","0","1","0","0","0","0","0","1","0","0"
"171","0","0","1","0","0","0","0","0","0","0","0"
"172","0","0","1","0","0","0","0","0","0","0","0"
"173","0","1","1","0","0","0","0","0","0","0","0"
"174","0","1","1","0","0","0","0","0","0","0","0"
"175","0","1","1","0","0","0","0","0","0","0","0"
"176","0","1","1","0","0","0","0","0","0","0","0"
"177","0","1","1","0","0","0","0","0","0","0","0"
"178","0","0","1","0","0","0","0","0","0","0","0"
"179","0","0","1","0","0","0","0","0","0","0","0"
"180","0","0","1","0","0","0","0","0","0","0","0"
"181","0","0","1","1","0","0","0","0","0","0","0"
"182","0","0","1","1","0","0","1","0","0","0","0"
"183","0","0","1","1","0","0","0","0","0","0","0"
"184","0","0","1","0","0","0","0","0","0","0","0"
"185","0","0","1","0","0","0","0","0","0","0","0"
"186","0","0","1","0","0","0","0","0","0","0","0"
"187","0","0","1","0","0","0","0","0","0","0","0"
"188","0","0","1","0","0","0","0","0","0","0","0"
"189","0","0","1","0","0","0","0","0","0","0","0"
"190","0","0","0","0","0","0","0","0","0","0","0"
"191","0","0","0","0","0","0","0","0","0","0","0"
"192","0","1","0","0","0","0","0","0","0","0","0"
"193","0","1","0","0","0","0","0","0","0","0","0"
"194","0","1","0","0","0","0","0","0","0","0","0"
"195","0","1","0","0","0","0","0","0","0","0","0"
"196","0","1","0","0","0","0","0","0","0","0","0"
"197","0","1","0","0","0","0","0","0","0","0","0"
"198","0","1","0","0","0","0","0","0","0","0","0"
"199","0","1","0","0","0","0","0","0","0","0","0"
"200","0","1","0","0","0","1","0","0","0","0","0"
"201","0","1","0","0","0","1","0","0","1","0","0"
"202","0","1","0","0","0","1","0","0","0","0","0"
"203","0","1","0","0","0","1","0","0","0","0","0"
"204","0","1","0","0","0","1","0","0","1","0","0"
"205","0","0","0","0","0","1","0","0","1","0","0"
"206","0","0","0","0","0","1","0","0","1","0","0"
"207","0","0","0","0","0","1","0","0","1","0","0"
"208","0","0","1","0","0","1","0","0","1","0","0"
"209","0","0","1","0","0","1","0","0","0","0","0"
"210","0","0","1","0","0","1","0","0","0","0","0"
"211","0","0","1","0","0","1","0","0","0","0","0"
"212","0","0","1","0","0","1","0","0","0","0","0"
"213","0","0","1","0","0","1","0","0","0","1","0"
"214","0","0","1","0","0","1","0","0","0","0","0"
"215","0","0","1","1","0","1","0","0","0","0","0"
"216","0","0","1","1","0","1","0","0","0","0","0"
"217","0","0","1","1","0","1","0","0","0","0","0"
"218","0","1","1","1","0","1","0","0","0","0","0"
"219","0","1","1","1","0","1","0","0","0","0","0"
"220","0","1","1","1","0","0","0","0","0","0","0"
"221","0","1","1","1","0","0","0","0","0","0","0"
"222","0","1","1","0","0","0","0","0","0","1","0"
"223","0","1","0","0","0","0","0","0","0","0","0"
"224","0","1","0","0","0","0","0","0","0","0","0"
"225","0","1","0","0","0","0","0","0","0","0","0"
"226","0","1","0","0","0","0","0","0","0","0","0"
"227","0","1","0","0","0","0","0","0","0","0","0"
"228","0","1","0","0","0","0","0","0","0","0","0"
"229","0","1","0","0","0","0","0","0","0","0","0"
"230","0","1","0","0","0","0","0","0","0","0","0"
"231","0","1","0","0","0","0","0","0","0","0","0"
"232","0","1","0","0","0","0","0","0","0","0","0"
"233","0","0","0","0","0","0","0","0","0","0","0"
"234","0","0","0","0","0","0","0","0","0","0","0"
"235","0","0","0","0","0","0","0","0","0","0","0"
"236","0","0","0","0","0","0","0","0","0","0","0"
"237","0","0","0","0","0","0","0","0","0","0","0"
"238","0","0","0","0","0","0","0","0","0","0","0"
"239","0","0","0","0","0","0","0","0","0","0","0"
"240","0","0","0","0","0","0","0","0","0","0","0"
"241","0","0","0","0","0","0","1","0","0","0","0"
"242","0","0","0","0","0","0","0","0","0","0","0"
"243","0","0","0","0","0","0","0","0","0","0","0"
"244","0","0","0","0","0","0","0","0","0","0","0"
"245","0","0","0","0","0","0","0","0","0","0","0"
"246","0","0","0","0","0","0","0","0","0","0","0"
"247","0","0","0","0","0","0","0","0","0","0","0"
"248","0","0","0","0","0","0","0","0","0","0","0"
"249","0","0","0","0","0","0","0","0","0","0","0"
"250","0","0","0","0","0","0","0","0","0","0","1"
"251","0","0","0","0","0","0","0","0","0","0","1"
"252","0","0","0","0","0","0","0","0","0","0","1"
"253","0","0","0","0","0","0","0","0","0","0","1"
"254","0","0","0","0","0","0","0","0","0","0","1"
"255","1","0","0","0","0","1","0","0","0","0","1"
"256","1","0","0","0","0","1","0","0","0","0","0"
"257","1","0","0","0","0","1","0","0","0","0","0"
"258","1","0","0","0","0","1","0","0","0","0","0"
"259","1","1","0","0","0","1","0","0","0","0","0"
"260","1","1","0","0","0","1","0","0","0","0","0"
"261","1","1","0","0","0","1","0","0","0","0","0"
"262","1","0","0","0","0","1","0","0","0","0","0"
"263","1","1","0","0","0","1","0","0","0","0","0"
"264","1","1","0","0","0","1","0","0","0","0","0"
"265","1","1","0","0","0","1","0","0","0","0","0"
"266","1","1","0","0","0","1","0","0","0","0","0"
"267","1","1","0","0","0","1","0","0","0","0","0"
"268","0","0","0","0","0","1","0","0","0","0","0"
"269","0","0","0","0","0","1","0","0","0","0","0"
"270","0","0","0","0","0","1","0","0","0","0","0"
"271","0","0","0","0","0","1","0","0","0","0","0"
"272","0","0","0","0","0","1","0","0","0","0","0"
"273","0","0","0","0","0","0","0","0","0","0","0"
"274","0","1","0","0","0","0","0","0","0","0","0"
"275","0","1","0","0","0","0","0","0","0","0","0"
"276","0","1","0","0","0","0","0","0","0","0","0"
"277","0","1","0","0","0","0","0","0","0","0","0"
"278","0","1","0","0","0","0","0","0","0","0","0"
"279","0","1","0","0","0","0","0","0","0","0","0"
"280","0","1","0","0","0","0","0","0","0","0","0"
"281","0","1","0","0","0","0","0","0","0","0","0"
"282","0","1","0","0","0","0","0","0","0","0","0"
"283","0","1","0","0","0","0","0","0","0","0","0"
"284","0","1","0","0","0","0","0","0","0","0","0"
"285","0","1","0","0","0","0","0","0","0","0","0"
"286","0","1","0","0","0","0","0","0","0","0","0"
"287","0","1","0","0","0","0","0","0","0","0","0"
"288","0","1","0","0","0","0","0","0","0","0","0"
"289","0","0","0","0","0","0","0","0","0","0","0"
"290","0","0","0","0","0","0","0","0","0","0","0"
"291","0","0","0","0","0","0","0","0","0","0","0"
"292","0","0","0","0","0","0","0","0","0","0","0"
"293","0","0","0","0","0","0","0","0","0","0","0"
"294","0","0","0","0","0","0","0","0","0","0","0"
"295","0","0","0","0","0","0","0","0","0","0","0"
"296","0","0","0","0","0","0","0","0","0","0","0"
"297","0","0","0","0","0","0","0","0","0","0","0"
"298","0","0","0","0","0","0","0","0","0","0","0"
"299","0","0","0","0","0","0","0","0","0","0","0"
"300","0","0","0","0","0","0","0","0","0","0","0"
"301","0","0","0","0","0","0","0","0","0","0","0"
"302","0","0","0","0","0","0","0","0","0","0","0"
"303","0","1","0","0","0","0","0","0","0","0","0"
"304","0","0","0","0","0","0","0","0","0","0","0"
"305","0","0","0","0","0","0","0","0","0","0","0"
"306","0","0","0","0","0","0","0","0","0","0","0"
"307","0","0","0","0","0","0","0","0","0","0","1"
"308","0","0","0","0","0","0","0","0","0","0","1"
"309","0","0","0","0","0","0","0","0","0","0","0"
"310","0","0","0","0","0","0","0","0","0","0","0"
"311","0","0","0","0","0","0","0","0","0","0","0"
"312","0","0","0","0","0","0","0","0","0","0","0"
"313","0","0","0","0","0","0","0","0","0","0","0"
"314","0","0","0","0","0","0","0","0","0","0","0"
"315","0","0","0","0","0","0","0","0","0","0","0"
"316","0","0","0","0","0","0","0","0","0","0","0"
"317","0","0","0","0","0","0","1","0","0","0","0"
"318","0","0","0","0","0","0","1","0","0","0","0"
"319","0","0","0","0","0","0","1","0","0","0","0"
"320","0","0","0","0","0","1","1","0","0","0","0"
"321","0","0","0","0","0","1","1","0","0","0","0"
"322","0","0","0","0","0","1","1","0","0","0","0"
"323","0","0","0","0","0","1","1","0","0","0","0"
"324","0","0","0","0","1","1","1","0","0","0","0"
"325","0","0","0","0","1","1","1","0","0","0","0"
"326","0","0","0","0","1","1","1","0","1","0","0"
"327","0","0","0","0","1","1","1","0","1","0","0"
"328","1","0","0","0","1","1","1","0","1","0","0"
"329","1","0","0","0","1","0","1","0","1","0","1"
"330","1","0","0","0","1","0","1","0","1","0","1"
"331","1","0","0","0","0","0","1","0","1","0","1"
"332","1","0","0","0","0","1","1","0","1","0","1"
"333","1","0","0","0","0","1","0","0","1","0","1"
"334","1","0","0","0","0","0","0","0","0","0","1"
"335","1","0","0","0","0","0","0","0","0","0","1"
"336","1","0","0","0","0","0","0","0","0","0","1"
"337","1","0","0","0","0","0","0","0","0","0","1"
"338","1","0","0","0","0","0","0","0","0","0","1"
"339","1","0","0","0","0","0","0","0","0","0","1"
"340","1","0","0","0","0","0","0","0","0","0","1"
"341","1","0","0","0","0","0","0","0","0","0","1"
"342","1","0","0","0","0","0","0","0","0","0","1"
"343","1","0","0","0","0","0","0","0","0","0","1"
"344","1","0","0","0","0","0","0","0","0","0","1"
"345","1","0","0","0","0","0","0","0","0","0","1"
"346","0","0","0","0","0","0","0","0","0","0","0"
"347","0","0","0","0","0","0","0","0","0","0","0"
"348","0","0","0","0","0","0","0","0","0","0","0"
"349","0","0","0","0","0","0","0","0","0","0","0"
"350","0","0","0","0","0","0","0","0","0","0","0"
"351","0","0","0","0","0","0","0","0","0","0","0"
"352","0","0","0","0","0","0","0","0","0","0","0"
"353","0","0","0","0","0","0","0","0","0","0","0"
"354","0","0","0","0","0","0","0","0","0","0","0"
"355","0","0","0","0","0","0","0","0","0","0","0"
"356","0","0","0","0","0","0","0","0","0","0","0"
"357","0","0","0","0","0","0","0","0","0","0","0"
"358","0","0","0","0","0","0","0","0","0","0","0"
"359","0","0","0","0","0","0","0","0","0","0","0"
"360","0","0","0","0","0","0","0","0","0","0","0"
"361","0","0","0","0","0","0","0","0","0","0","0"
"362","0","0","0","0","0","0","0","0","0","0","0"
"363","0","0","0","0","0","0","0","0","0","0","0"
"364","0","0","0","0","0","0","0","0","0","0","0"
"365","0","0","0","0","0","0","0","0","0","0","0"
"366","0","0","0","0","0","0","0","0","0","0","0"
"367","0","0","0","0","0","0","0","0","0","0","0"
"368","0","0","0","0","0","0","0","0","0","0","0"
"369","0","0","0","0","0","0","0","0","0","0","0"
"370","0","0","0","0","0","0","0","0","0","0","0"
"371","0","0","0","0","0","0","0","0","0","0","1"
"372","0","0","0","0","0","0","0","0","0","0","1"
"373","0","0","0","0","0","0","0","0","0","0","1"
"374","0","0","0","0","0","0","0","0","0","0","1"
"375","0","0","0","0","0","0","0","0","0","0","1"
"376","0","0","0","0","0","0","0","0","0","0","1"
"377","0","0","0","0","0","0","0","0","0","0","1"
"378","0","0","0","0","0","0","0","0","0","0","1"
"379","0","0","0","0","0","0","0","0","1","0","1"
"380","0","0","0","0","0","0","0","0","1","0","1"
"381","0","0","0","0","0","0","0","0","1","0","1"
"382","0","0","0","0","0","0","1","0","1","0","1"
"383","0","0","0","0","0","0","1","0","1","0","1"
"384","0","0","0","0","0","0","1","0","1","0","1"
"385","0","0","0","0","0","0","1","0","1","0","1"
"386","0","0","0","0","0","0","0","0","1","0","1"
"387","0","0","0","0","0","0","0","0","1","0","1"
"388","0","1","0","0","0","0","0","0","1","0","1"
"389","0","1","0","0","0","0","0","0","1","0","1"
"390","0","0","0","0","0","0","0","0","1","0","1"
"391","0","0","0","0","0","0","0","0","1","0","1"
"392","0","0","0","0","0","0","0","0","1","0","1"
"393","0","0","0","0","0","0","0","0","1","0","1"
"394","0","0","0","0","0","0","0","0","1","0","1"
"395","0","0","0","0","0","0","0","0","1","0","1"
"396","0","0","0","0","0","0","0","0","1","0","1"
"397","0","0","0","0","0","0","1","0","1","0","1"
"398","0","0","0","0","0","0","1","0","1","0","1"
"399","0","0","0","0","0","0","1","0","1","0","1"
"400","0","0","0","0","0","0","1","0","1","0","1"
"401","0","0","0","0","0","0","1","0","1","0","1"
"402","0","0","0","0","0","0","0","0","1","0","1"
"403","0","0","0","0","0","0","0","0","1","0","1"
"404","0","0","0","0","0","0","0","0","1","0","1"
"405","1","0","0","0","0","0","0","0","1","0","1"
"406","1","0","0","0","0","0","0","0","1","0","1"
"407","1","0","0","0","0","0","0","0","1","0","1"
"408","1","0","0","0","0","0","0","0","1","0","1"
"409","1","0","0","0","0","0","0","0","1","0","1"
"410","1","0","0","0","0","0","0","0","1","0","1"
"411","1","0","0","0","0","0","1","0","1","0","1"
"412","1","0","0","0","0","0","1","0","1","0","1"
"413","1","0","0","0","0","0","1","0","1","0","1"
"414","1","0","0","1","0","0","1","0","1","0","1"
"415","1","0","0","1","0","0","1","0","1","0","1"
"416","1","0","0","1","0","0","1","0","1","0","1"
"417","1","0","0","1","0","0","1","0","1","0","1"
"418","1","0","0","1","0","0","1","0","1","0","1"
"419","1","0","0","1","0","0","1","0","1","0","1"
"420","1","0","0","1","0","0","1","0","0","0","1"
"421","1","0","0","1","0","0","1","0","0","0","1"
"422","1","0","0","1","0","0","1","0","0","0","1"
"423","1","0","0","1","0","0","1","0","0","0","1"
"424","1","0","0","1","0","0","1","0","0","0","1"
"425","1","0","0","1","1","0","0","0","0","0","1"
"426","1","0","0","1","1","0","0","0","0","0","1"
"427","1","0","0","1","1","0","0","0","0","0","1"
"428","1","0","0","1","1","0","0","0","0","0","1"
"429","0","0","0","1","1","0","0","0","0","0","1"
"430","0","0","0","1","1","0","0","0","0","0","1"
"431","0","0","0","1","1","0","0","0","0","0","1"
"432","1","0","0","1","1","0","0","0","0","0","1"
"433","1","0","0","1","1","0","0","0","0","0","1"
"434","0","0","0","1","1","0","0","0","0","0","1"
"435","0","0","0","1","1","0","0","0","0","0","1"
"436","0","0","0","1","0","0","0","0","0","0","1"
"437","0","0","0","1","0","0","0","0","0","0","1"
"438","0","0","0","1","0","0","0","0","0","0","1"
"439","0","0","0","1","0","0","0","0","0","0","1"
"440","1","0","0","1","0","0","0","0","0","0","1"
"441","0","0","0","1","0","0","0","0","0","0","1"
"442","0","0","0","1","0","0","0","0","0","0","1"
"443","0","0","0","1","0","0","0","0","0","0","1"
"444","1","0","0","1","0","0","0","0","0","0","1"
"445","1","0","0","1","0","0","0","0","0","0","1"
"446","1","0","0","1","0","0","0","0","0","0","1"
"447","1","0","0","1","0","0","0","0","0","0","1"
"448","1","0","0","1","0","0","0","0","0","0","1"
"449","1","0","0","0","0","0","0","0","0","0","1"
"450","1","0","0","0","0","0","0","0","0","0","1"
"451","1","0","0","0","0","0","0","0","0","0","1"
"452","1","0","0","0","0","0","0","0","0","0","1"
"453","1","0","0","0","0","0","0","0","0","0","1"
"454","1","0","0","0","0","0","0","0","0","0","1"
"455","1","0","0","0","0","0","0","0","0","0","0"
"456","1","0","0","0","0","0","0","0","0","0","0"
"457","1","0","0","0","0","0","0","0","0","0","0"
"458","1","0","0","0","0","0","0","0","0","0","0"
"459","1","0","0","0","0","0","0","0","0","0","0"
"460","1","0","0","0","0","0","0","0","0","0","0"
"461","1","0","0","0","0","0","0","0","0","0","0"
"462","1","0","0","0","0","0","0","0","0","0","0"
"463","0","0","0","0","0","0","0","0","0","0","0"
"464","0","0","0","0","0","0","1","0","0","0","0"
"465","1","0","0","0","0","0","1","0","0","0","0"
"466","1","0","0","0","0","0","1","0","0","0","0"
"467","1","0","0","0","0","0","1","0","0","0","0"
"468","1","0","0","0","0","0","1","0","0","0","0"
"469","0","0","0","0","0","0","1","0","0","0","0"
"470","1","0","0","0","0","0","1","0","0","0","0"
"471","1","0","0","0","0","0","0","0","0","0","0"
"472","1","0","0","0","0","0","1","0","0","0","0"
"473","1","0","0","0","0","0","1","0","0","0","0"
"474","1","0","0","0","0","0","0","0","0","0","0"
"475","1","0","0","0","0","0","0","0","0","0","0"
"476","1","0","0","0","0","0","0","0","0","0","0"
"477","1","0","0","0","0","0","0","0","0","0","0"
"478","1","0","0","0","0","0","0","0","0","0","0"
"479","1","0","0","0","0","0","0","0","0","0","0"
"480","1","0","0","0","0","0","0","0","0","0","0"
"481","1","0","0","0","0","0","0","0","0","0","0"
"482","1","0","0","0","1","0","0","0","0","0","0"
"483","1","0","0","0","1","0","0","0","0","0","0"
"484","1","0","0","0","1","0","0","0","0","0","0"
"485","1","0","0","0","1","0","0","0","0","0","0"
"486","1","0","0","0","1","0","0","0","0","0","0"
"487","0","0","0","0","1","0","0","0","0","0","0"
"488","0","0","0","0","1","0","0","0","0","0","0"
"489","0","0","0","0","1","0","0","0","0","0","0"
"490","0","0","0","0","1","0","0","0","0","0","0"
"491","1","0","0","0","1","0","0","0","0","0","0"
"492","1","0","0","0","1","0","0","0","0","0","0"
"493","1","0","0","0","1","0","0","0","0","0","0"
"494","1","0","0","0","1","0","0","0","0","0","0"
"495","1","0","0","0","1","0","0","0","0","0","0"
"496","1","0","0","0","1","0","0","0","0","0","0"
"497","1","0","0","0","1","0","0","0","0","0","0"
"498","1","0","0","0","1","0","0","0","0","0","0"
"499","1","0","0","0","1","0","1","0","0","0","0"
"500","1","0","0","0","1","0","0","0","0","0","0"
"501","1","0","0","0","1","0","0","0","0","0","0"
"502","1","0","0","0","0","0","0","0","0","0","0"
"503","1","0","0","0","0","0","0","0","0","0","0"
"504","1","0","0","0","0","0","0","0","0","0","0"
"505","1","0","0","0","0","0","0","0","0","0","0"
"506","1","0","0","0","0","0","0","0","0","0","0"
"507","1","0","0","0","0","0","0","0","0","0","0"
"508","1","0","0","0","0","0","0","0","0","0","0"
"509","1","0","0","0","0","0","0","0","0","0","0"
"510","1","0","0","0","0","0","0","0","0","0","0"
"511","1","0","0","0","0","0","0","0","0","0","0"
"512","1","0","0","0","0","0","0","0","0","0","0"
"513","1","0","0","0","0","0","0","0","0","0","0"
"514","1","0","0","0","0","0","0","0","0","0","0"
"515","1","0","0","0","0","0","0","0","0","0","1"
"516","1","0","0","0","0","0","0","0","0","0","1"
"517","1","0","0","0","0","0","0","0","0","0","1"
"518","1","0","0","0","0","0","0","0","0","0","1"
"519","1","0","0","0","0","0","0","0","0","0","1"
"520","1","0","0","0","0","0","1","0","0","0","1"
"521","1","0","0","0","0","0","1","0","0","0","1"
"522","1","0","0","0","0","0","1","0","0","0","1"
"523","1","0","0","0","0","0","1","0","0","0","1"
"524","1","0","0","0","0","0","1","0","0","0","1"
"525","1","0","0","0","0","0","1","0","0","0","1"
"526","1","0","0","0","0","0","1","0","0","0","1"
"527","1","0","0","0","0","0","1","0","0","0","1"
"528","1","0","0","0","0","0","0","0","0","0","1"
"529","1","0","0","0","0","0","0","0","0","0","0"
"530","1","1","0","0","0","0","0","0","0","0","0"
"531","1","0","0","0","0","0","0","0","0","1","0"
"532","1","0","0","0","0","0","0","0","0","1","0"
"533","1","0","0","0","0","0","0","0","0","1","0"
"534","1","0","0","0","0","0","0","0","0","1","0"
"535","1","0","0","0","0","0","0","0","0","1","0"
"536","1","0","0","0","0","0","0","0","0","1","0"
"537","1","0","0","0","0","0","0","0","0","1","0"
"538","1","0","0","0","0","0","0","0","0","1","0"
"539","0","0","0","0","0","0","0","0","0","1","0"
"540","0","0","0","0","0","0","0","0","0","1","0"
"541","0","0","0","0","0","0","0","0","0","1","0"
"542","1","0","0","0","0","0","0","0","0","1","0"
"543","1","0","0","0","0","0","0","0","0","0","0"
"544","1","0","0","0","0","0","0","0","0","0","0"
"545","1","0","1","0","0","0","0","0","0","0","0"
"546","1","0","1","0","0","0","0","0","0","0","0"
"547","1","0","1","0","0","0","0","0","0","0","0"
"548","1","0","1","0","0","0","0","0","0","0","0"
"549","1","0","0","0","0","0","0","0","0","0","0"
"550","1","0","0","0","0","0","0","0","0","0","0"
"551","1","0","0","0","0","0","0","0","0","0","0"
"552","1","0","0","0","0","0","0","0","0","0","0"
"553","1","0","0","0","0","0","0","0","0","0","0"
"554","1","0","0","0","0","0","0","0","0","0","0"
"555","1","0","0","0","0","0","0","0","0","0","0"
"556","1","0","0","0","0","0","0","0","0","0","0"
"557","1","0","0","0","0","0","0","0","0","0","0"
"558","1","0","0","0","0","0","0","0","0","0","0"
"559","1","0","0","0","0","0","0","0","0","0","0"
"560","1","0","0","0","0","0","0","0","0","0","0"
"561","1","0","0","0","0","0","1","0","0","0","0"
"562","1","0","0","0","0","0","1","0","0","0","0"
"563","1","0","0","0","0","0","1","0","0","0","0"
"564","1","0","0","0","0","0","1","0","0","0","0"
"565","1","0","0","0","0","0","1","0","0","0","0"
"566","1","0","0","0","0","0","1","0","0","0","0"
"567","1","0","0","0","0","0","1","0","0","0","0"
"568","1","0","0","0","0","0","1","0","0","0","0"
"569","1","0","0","0","0","0","1","0","0","0","0"
"570","1","0","0","0","0","0","1","0","0","0","0"
"571","1","0","0","0","0","0","1","0","0","0","1"
"572","1","0","0","0","0","0","1","0","0","0","1"
"573","1","0","0","0","0","0","1","0","0","0","1"
"574","1","0","0","0","0","0","1","0","0","0","1"
"575","1","0","0","0","0","0","1","0","0","0","1"
"576","1","0","0","0","0","0","1","0","0","0","1"
"577","1","0","0","0","0","0","1","0","0","0","1"
"578","1","0","0","0","0","0","1","0","0","0","0"
"579","1","0","0","0","0","0","1","0","0","0","0"
"580","1","0","0","0","0","0","1","0","0","0","0"
"581","1","0","0","0","0","0","1","0","0","0","0"
"582","1","0","0","1","0","0","1","0","0","0","0"
"583","1","0","0","0","0","0","1","0","0","0","0"
"584","1","0","0","0","0","0","1","0","0","0","0"
"585","1","0","0","0","0","0","1","0","0","0","0"
"586","1","0","0","0","0","0","1","0","0","0","0"
"587","1","0","0","0","0","0","1","0","0","0","0"
"588","1","0","0","0","0","0","1","0","0","0","0"
"589","1","0","0","0","0","0","1","0","0","0","0"
"590","1","0","0","0","0","0","1","0","0","0","1"
"591","1","0","0","0","0","0","1","0","0","0","1"
"592","1","0","0","0","0","0","1","0","0","0","1"
"593","1","0","0","0","0","0","1","0","0","0","1"
"594","1","0","0","0","0","0","1","0","0","0","1"
"595","1","0","0","0","0","0","1","0","0","0","1"
"596","1","0","0","0","0","0","1","0","0","0","1"
"597","1","0","0","0","0","0","1","0","0","0","1"
"598","1","0","0","0","0","0","1","0","0","0","1"
"599","1","0","0","0","0","0","1","0","0","0","1"
"600","1","0","0","0","0","0","1","0","0","0","1"
"601","1","0","0","0","0","0","1","0","0","0","1"
"602","1","0","0","0","0","0","1","0","0","0","1"
"603","1","0","0","0","0","0","1","0","0","0","0"
"604","1","0","0","0","0","0","1","0","0","0","0"
"605","1","0","0","0","0","0","1","0","0","0","0"
"606","1","0","0","0","0","0","1","0","0","0","0"
"607","1","0","0","0","0","0","1","0","0","0","0"
"608","1","0","0","0","0","0","1","0","0","0","0"
"609","1","0","0","0","0","0","1","0","0","0","0"
"610","1","0","0","0","0","0","1","0","0","0","0"
"611","1","0","0","0","0","0","1","0","0","0","0"
"612","0","0","0","0","0","0","1","0","0","0","0"
"613","0","0","0","0","0","0","1","0","0","0","0"
"614","0","0","0","0","0","0","0","0","0","0","0"
"615","0","0","0","0","0","0","0","0","0","0","0"
"616","0","0","0","0","0","0","0","0","0","0","0"
"617","0","0","0","0","0","0","0","0","0","0","0"
"618","0","0","0","0","0","0","0","0","0","0","0"
"619","0","0","0","0","0","0","0","0","0","0","0"
"620","0","0","0","0","0","0","0","0","0","0","0"
"621","0","0","0","0","0","0","0","0","0","0","0"
"622","0","0","0","0","0","0","0","0","0","0","0"
"623","0","0","0","0","0","0","0","0","0","0","0"
"624","0","0","0","0","0","0","0","0","0","0","0"
"625","0","0","0","0","0","0","0","0","0","0","0"
"626","0","0","0","0","0","0","0","0","0","0","0"
"627","0","0","0","0","0","0","0","1","0","0","0"
"628","0","1","0","0","0","0","0","1","0","0","0"
"629","0","1","0","0","0","0","0","1","0","0","0"
"630","0","1","0","0","0","0","0","1","0","0","0"
"631","0","1","0","0","0","0","0","1","0","0","0"
"632","0","1","0","0","0","0","0","1","0","0","0"
"633","0","0","0","0","0","0","0","1","0","0","0"
"634","0","1","0","0","0","0","0","1","0","0","0"
"635","0","1","0","0","0","0","0","1","0","0","0"
"636","0","0","0","0","0","0","0","1","0","0","0"
"637","0","0","0","0","0","0","0","1","0","0","0"
"638","0","0","0","0","0","0","0","1","0","0","0"
"639","0","0","0","0","0","0","0","1","0","0","0"
"640","0","0","0","0","0","0","0","1","0","0","0"
"641","0","0","0","0","0","0","0","1","0","0","0"
"642","0","0","0","0","0","0","0","1","0","0","0"
"643","0","0","0","0","0","0","0","1","0","0","0"
"644","0","0","0","0","0","0","0","1","0","0","0"
"645","0","0","0","0","0","0","0","1","0","0","0"
"646","0","0","0","0","0","0","0","1","0","0","0"
"647","0","0","0","0","0","0","0","1","0","0","0"
"648","0","0","0","0","0","0","0","1","0","0","0"
"649","0","0","0","0","0","0","0","1","0","0","0"
"650","0","0","0","0","0","0","0","1","0","0","0"
"651","1","0","0","0","0","0","0","1","0","0","0"
"652","1","0","0","0","0","0","0","1","0","0","0"
"653","1","0","0","0","0","0","0","1","0","0","0"
"654","1","0","0","0","0","0","0","0","0","0","0"
"655","1","0","0","0","0","0","0","0","0","0","0"
"656","1","0","0","0","0","0","0","0","0","0","0"
"657","1","0","0","0","0","0","0","0","0","0","0"
"658","1","0","0","0","0","0","0","1","0","0","0"
"659","1","0","0","0","0","0","0","1","0","0","0"
"660","1","0","0","0","0","0","0","1","0","0","0"
"661","0","0","0","0","0","0","0","1","0","0","0"
"662","0","0","0","0","0","0","0","0","0","0","0"
"663","0","0","0","0","0","0","0","0","0","0","0"
"664","0","0","0","0","0","0","0","0","0","0","0"
"665","0","0","0","0","0","0","0","0","0","0","0"
"666","0","0","0","0","0","0","0","0","0","0","0"
"667","0","0","0","0","0","0","0","0","0","0","0"
"668","1","0","0","0","0","0","0","1","0","0","0"
"669","1","0","0","0","0","0","0","1","0","0","0"
"670","1","0","0","0","0","0","0","1","0","0","0"
"671","1","0","0","0","0","0","0","1","0","0","0"
"672","1","0","0","0","0","0","0","1","0","0","0"
"673","1","0","0","0","0","0","0","1","0","0","0"
"674","1","0","0","0","0","0","0","1","0","0","0"
"675","0","0","0","0","0","0","0","1","0","0","0"
"676","0","0","0","0","0","0","0","1","0","0","0"
"677","0","0","0","0","0","0","0","1","0","0","0"
"678","0","0","0","0","0","0","0","1","0","0","0"
"679","0","0","0","0","0","0","0","1","0","0","0"
"680","0","0","0","0","0","0","0","1","0","0","0"
"681","0","0","0","0","0","0","0","1","0","0","0"
"682","0","0","0","0","0","0","0","1","0","0","0"
"683","0","0","0","0","0","0","0","1","0","0","0"
"684","0","0","0","0","0","0","0","1","0","0","0"
"685","0","0","0","0","0","0","0","1","0","0","0"
"686","0","0","0","0","0","0","0","1","0","0","0"
"687","0","0","0","0","0","0","0","1","0","0","0"
"688","0","0","0","0","0","0","0","1","0","0","0"
"689","0","0","0","0","0","0","0","1","0","0","0"
"690","0","0","0","0","0","0","0","1","0","0","0"
"691","0","0","0","0","0","0","0","1","0","0","0"
"692","0","0","0","0","0","0","0","1","0","0","0"
"693","0","0","0","0","0","0","0","1","0","0","0"
"694","0","0","0","0","0","0","1","1","0","0","0"
"695","0","0","0","0","0","0","1","1","0","0","0"
"696","0","0","0","0","0","0","1","1","0","0","0"
"697","0","1","0","0","0","0","0","1","0","0","0"
"698","0","0","0","0","0","0","0","1","0","0","0"
"699","0","0","0","0","0","0","0","1","0","0","0"
"700","0","0","0","0","0","0","0","1","0","0","0"
"701","0","0","0","0","0","0","0","1","0","0","0"
"702","0","0","0","0","0","0","0","1","0","0","0"
"703","0","0","0","0","0","0","0","1","0","0","0"
"704","0","0","0","0","0","0","0","1","0","0","0"
"705","0","0","0","0","0","0","0","1","0","0","0"
"706","0","0","0","0","0","0","0","1","0","0","0"
"707","0","0","0","0","0","0","0","1","0","0","0"
"708","0","0","0","0","0","0","0","1","0","0","0"
"709","0","0","0","0","0","0","0","0","0","0","0"
"710","0","0","0","0","1","0","0","0","0","0","0"
"711","0","0","0","0","1","0","0","0","0","0","0"
"712","0","0","0","0","1","0","0","0","0","0","0"
"713","0","0","0","0","1","0","0","0","0","0","0"
"714","0","0","0","0","1","0","0","0","0","0","0"
"715","0","0","0","0","1","0","0","0","0","0","0"
"716","0","0","0","0","1","0","0","0","0","0","0"
"717","0","0","0","0","0","0","0","0","0","0","0"
"718","0","0","0","0","0","0","0","0","0","0","0"
"719","0","0","0","0","0","0","0","0","0","0","0"
"720","0","1","0","0","0","0","0","0","0","0","0"
"721","0","1","0","0","0","0","0","0","0","0","0"
"722","0","1","0","0","0","0","0","0","0","0","0"
"723","0","1","0","0","0","0","0","0","0","0","0"
"724","0","1","0","0","0","0","0","0","0","0","0"
"725","0","1","0","0","0","0","0","0","0","0","0"
"726","0","1","0","0","0","0","0","0","0","0","0"
"727","0","1","0","0","0","0","0","0","0","0","0"
"728","0","1","0","0","0","0","0","0","0","0","0"
"729","0","1","0","0","0","0","0","0","0","0","0"
"730","0","1","0","0","0","0","0","0","0","0","0"
"731","0","1","0","0","1","0","0","1","0","0","0"
"732","0","1","0","0","1","0","0","1","0","0","0"
"733","0","1","0","0","1","0","0","1","0","0","0"
"734","0","1","0","0","0","0","0","1","0","0","0"
"735","0","1","0","0","1","0","0","1","0","0","0"
"736","0","1","0","0","0","0","0","1","0","0","0"
"737","0","1","0","0","1","0","0","1","0","0","0"
"738","0","1","0","0","1","0","1","1","0","0","0"
"739","0","0","0","0","1","0","1","1","0","0","0"
"740","0","0","0","0","1","0","1","1","0","0","0"
"741","0","0","0","0","0","0","1","1","0","0","0"
"742","0","1","0","0","0","0","1","1","0","0","0"
"743","0","0","0","0","0","0","1","1","0","0","0"
"744","0","0","0","0","0","0","1","1","0","0","0"
"745","0","0","0","0","1","0","1","1","0","0","0"
"746","0","0","0","0","1","1","1","1","0","0","0"
"747","1","0","0","0","1","1","1","1","0","0","0"
"748","1","0","0","0","0","1","1","1","0","0","0"
"749","1","0","0","0","0","1","1","1","0","0","0"
"750","1","1","0","0","0","1","1","1","0","0","0"
"751","1","0","0","0","0","1","1","0","0","0","0"
"752","1","0","0","0","0","1","1","0","0","0","0"
"753","1","0","0","0","0","1","0","0","0","0","0"
"754","1","0","0","0","0","1","0","0","0","0","0"
"755","1","0","0","0","0","1","0","0","0","0","0"
"756","1","0","0","0","0","1","1","0","0","0","0"
"757","1","0","0","0","0","1","1","0","0","0","1"
"758","0","0","0","0","0","1","1","0","0","0","1"
"759","0","0","0","0","0","1","1","0","0","0","1"
"760","0","0","0","0","0","1","1","0","0","0","1"
"761","0","0","0","0","0","1","1","0","0","0","1"
"762","0","0","0","0","0","1","1","1","0","0","1"
"763","0","0","0","0","1","1","1","1","0","0","1"
"764","0","0","0","0","1","1","1","1","0","0","1"
"765","0","0","0","0","1","1","1","1","0","0","1"
"766","0","0","0","0","1","1","0","1","0","0","1"
"767","0","0","0","0","1","1","0","1","0","0","1"
"768","0","0","0","0","1","1","0","1","0","0","1"
"769","0","0","0","0","1","1","0","1","0","0","1"
"770","0","0","0","0","1","1","0","1","0","0","1"
"771","0","0","0","0","1","1","0","1","0","0","1"
"772","0","0","0","0","1","1","0","1","0","0","1"
"773","0","0","0","0","1","1","0","1","0","0","1"
"774","0","0","0","0","1","1","0","1","0","0","1"
"775","0","0","0","0","1","1","0","1","0","0","1"
"776","0","0","0","0","0","1","0","1","0","0","1"
"777","0","0","0","0","0","1","0","1","0","0","1"
"778","0","0","0","0","0","1","0","1","0","0","1"
"779","0","0","0","0","0","1","0","1","0","0","1"
"780","0","0","0","0","0","1","0","0","0","0","1"
"781","0","0","0","0","0","1","0","0","0","0","1"
"782","0","0","0","0","0","1","0","0","0","0","1"
"783","0","0","0","0","0","1","0","0","0","0","1"
"784","0","0","0","0","0","1","0","0","0","0","1"
"785","0","0","0","0","0","1","0","0","0","0","1"
"786","0","0","0","0","1","1","0","0","0","0","1"
"787","0","0","0","0","1","1","1","0","0","0","1"
"788","0","0","0","0","1","1","0","0","0","0","1"
"789","0","0","0","0","1","1","0","0","0","0","1"
"790","0","0","0","0","1","1","0","0","0","0","1"
"791","0","0","0","0","1","0","0","0","0","0","1"
"792","0","0","0","0","1","0","0","0","0","0","1"
"793","0","0","0","0","1","0","0","0","0","0","1"
"794","0","0","0","0","1","0","0","0","0","0","1"
"795","0","0","0","0","1","0","0","0","0","0","1"
"796","0","0","0","0","0","0","0","0","0","0","1"
"797","0","0","0","0","0","0","0","0","0","0","1"
"798","0","0","0","0","0","0","0","0","0","0","1"
"799","0","0","0","0","0","0","0","1","0","0","1"
"800","0","0","0","0","0","1","0","1","0","0","1"
"801","0","0","0","0","0","1","0","1","0","0","1"
"802","0","0","0","0","0","1","0","1","0","0","1"
"803","0","0","0","0","0","1","0","1","0","0","1"
"804","0","0","0","0","0","1","0","1","0","0","1"
"805","0","0","0","0","0","1","0","1","0","0","1"
"806","0","0","0","0","0","1","0","1","0","0","1"
"807","0","0","0","0","0","0","0","1","0","0","0"
"808","0","0","0","0","0","0","0","0","0","1","0"
"809","0","0","0","0","0","0","0","0","0","1","0"
"810","0","0","0","0","0","0","0","0","0","1","0"
"811","0","0","0","0","0","0","0","0","0","1","0"
"812","0","0","0","0","0","0","0","0","0","1","0"
"813","0","0","0","0","0","0","0","0","0","1","0"
"814","0","1","0","0","0","0","0","0","0","1","1"
"815","0","1","0","0","0","0","0","0","0","1","1"
"816","0","1","0","0","0","1","0","0","1","1","1"
"817","0","1","0","0","0","1","0","0","1","1","1"
"818","0","1","0","0","0","1","0","0","1","1","1"
"819","0","1","0","0","0","1","0","0","1","1","1"
"820","0","1","0","0","0","1","0","0","1","1","1"
"821","0","1","0","0","0","1","0","0","1","1","1"
"822","0","1","0","0","0","1","0","0","1","0","1"
"823","0","1","0","0","0","1","0","0","1","0","1"
"824","0","1","0","0","0","1","0","0","1","0","1"
"825","0","1","0","0","0","1","0","0","1","0","0"
"826","0","1","0","0","0","1","0","0","1","0","0"
"827","0","1","0","0","0","1","0","0","1","0","0"
"828","0","1","0","0","0","1","0","0","1","0","0"
"829","0","1","0","0","0","1","0","0","1","0","0"
"830","0","1","0","0","0","1","0","0","1","0","0"
"831","0","1","0","0","0","1","0","0","1","0","0"
"832","0","1","0","0","0","1","0","0","1","0","0"
"833","0","1","0","0","0","1","0","0","1","0","0"
"834","0","1","0","0","0","1","0","0","1","0","0"
"835","0","1","0","0","0","1","0","0","1","0","0"
"836","0","1","0","0","0","1","0","0","1","0","0"
"837","0","1","0","0","0","1","0","0","1","0","0"
"838","0","1","0","0","0","1","0","0","1","0","0"
"839","0","1","0","0","0","1","0","0","1","0","0"
"840","0","1","0","0","0","1","0","0","1","0","0"
"841","0","1","0","0","0","1","0","0","1","0","0"
"842","0","1","0","0","0","0","0","1","1","0","0"
"843","0","1","0","0","0","0","0","1","1","0","0"
"844","0","1","0","0","0","0","0","1","1","0","0"
"845","0","1","0","0","0","0","0","1","1","0","0"
"846","0","1","0","0","0","0","0","1","1","0","0"
"847","0","1","0","0","0","0","0","1","1","0","0"
"848","0","1","0","0","0","0","0","1","1","0","0"
"849","0","1","0","0","0","0","0","1","1","0","0"
"850","0","1","0","0","0","0","0","1","1","0","0"
"851","0","1","0","0","0","0","0","1","1","0","0"
"852","0","1","0","0","0","0","0","1","1","0","0"
"853","0","1","0","0","0","0","0","1","1","0","0"
"854","1","0","0","0","0","0","0","1","1","0","0"
"855","1","0","0","0","0","0","0","1","1","0","0"
"856","1","0","0","0","0","0","0","1","1","0","0"
"857","1","0","0","0","0","0","0","1","1","0","0"
"858","1","0","0","0","0","0","0","1","1","0","0"
"859","1","0","0","0","0","0","0","1","1","0","0"
"860","1","0","0","0","0","0","0","1","1","0","0"
"861","1","0","0","0","0","0","0","1","1","0","0"
"862","1","0","0","0","0","0","0","1","1","0","0"
"863","1","0","0","0","0","0","0","1","1","0","0"
"864","1","0","0","0","0","0","0","1","1","0","0"
"865","0","0","0","0","0","0","0","1","1","0","0"
"866","0","0","0","0","0","0","0","1","1","0","0"
"867","1","0","0","0","0","0","0","1","1","0","0"
"868","1","0","0","0","0","0","0","1","1","0","0"
"869","1","0","0","0","0","0","0","1","1","0","0"
"870","1","0","0","0","0","0","0","1","1","0","0"
"871","1","0","0","0","0","0","0","1","1","0","0"
"872","1","0","0","0","0","0","0","1","1","0","0"
"873","1","0","0","0","0","0","0","1","1","0","0"
"874","1","0","0","0","0","0","0","1","1","0","0"
"875","0","0","0","0","0","0","0","1","1","0","0"
"876","0","0","0","0","0","0","0","1","1","0","0"
"877","0","0","0","0","0","0","0","1","1","0","0"
"878","0","0","0","0","0","0","0","1","1","0","0"
"879","0","0","0","0","0","0","0","1","1","0","0"
"880","0","0","0","0","0","0","0","1","1","0","0"
"881","0","0","0","0","0","0","0","1","1","0","0"
"882","0","0","0","0","0","0","0","1","1","0","0"
"883","0","0","0","0","0","0","0","1","1","0","0"
"884","0","0","0","0","0","0","0","1","1","0","0"
"885","0","0","0","0","0","0","0","1","1","0","0"
"886","0","0","0","0","0","0","0","1","1","0","0"
"887","0","0","0","0","0","0","0","1","1","0","0"
"888","0","0","0","0","0","0","0","0","1","0","0"
"889","0","0","0","0","0","0","0","0","1","0","0"
"890","0","0","0","0","0","0","0","0","1","0","0"
"891","0","0","0","0","0","0","0","0","1","0","0"
"892","0","0","0","0","0","0","0","0","1","0","0"
"893","0","0","0","0","0","0","0","0","1","0","0"
"894","0","0","0","0","0","0","0","0","1","0","0"
"895","0","0","0","0","0","0","0","0","1","0","0"
"896","0","0","0","0","0","0","0","0","1","0","0"
"897","0","0","0","0","0","0","0","0","1","0","0"
"898","0","0","0","0","0","0","0","0","1","0","0"
"899","0","0","0","0","0","0","0","0","1","0","0"
"900","0","0","0","0","0","0","0","0","1","0","0"
"901","0","0","0","0","0","0","0","0","1","0","0"
"902","0","0","1","0","0","0","0","0","1","0","0"
"903","0","0","1","0","0","0","0","0","1","0","0"
"904","0","0","1","0","0","0","0","0","1","0","0"
"905","0","0","1","0","0","0","0","0","1","0","0"
"906","0","0","1","0","0","0","0","1","1","0","0"
"907","0","0","1","0","0","0","0","1","1","0","0"
"908","0","0","1","0","0","0","0","1","1","0","0"
"909","0","0","1","0","0","0","0","0","1","0","0"
"910","0","0","1","0","0","0","0","0","1","0","0"
"911","1","0","1","0","0","0","0","1","1","0","0"
"912","0","0","0","0","0","0","0","1","1","0","0"
"913","0","0","0","0","0","0","0","1","1","0","0"
"914","0","0","0","0","0","0","0","1","1","0","0"
"915","0","0","0","0","0","0","0","1","1","0","0"
"916","0","0","0","0","0","0","0","1","1","0","0"
"917","0","0","0","0","0","0","0","1","1","0","0"
"918","0","0","0","0","0","0","0","1","1","0","0"
"919","0","0","0","0","0","0","0","1","1","0","0"
"920","0","0","0","0","0","0","0","1","1","0","0"
"921","0","0","0","0","0","0","0","1","1","0","0"
"922","0","0","0","0","0","0","0","1","1","0","0"
"923","0","0","0","0","0","0","0","1","1","0","0"
"924","0","0","0","0","0","0","0","1","1","0","0"
"925","0","0","0","0","0","0","0","1","1","0","0"
"926","0","0","0","0","0","0","0","1","1","0","0"
"927","0","0","0","0","0","0","0","0","1","0","0"
"928","0","0","0","0","0","0","0","0","1","0","0"
"929","0","0","0","0","0","0","0","0","1","0","0"
"930","0","0","0","0","0","0","0","0","1","0","0"
"931","0","0","0","0","0","0","0","0","1","0","0"
"932","0","0","0","0","0","0","0","0","1","0","0"
"933","0","0","0","0","0","0","0","0","1","0","0"
"934","0","0","0","0","0","0","0","0","1","0","0"
"935","0","0","0","0","0","1","0","1","1","0","0"
"936","0","0","0","0","0","1","0","1","1","0","0"
"937","0","0","1","0","0","1","0","1","1","1","0"
"938","0","0","1","0","0","1","0","1","1","1","0"
"939","0","0","1","0","0","1","0","1","1","1","0"
"940","0","0","1","0","0","0","0","1","1","1","0"
"941","0","0","1","0","0","0","0","1","1","1","0"
"942","0","0","1","0","0","0","0","1","1","1","0"
"943","0","0","1","0","0","0","0","1","1","1","0"
"944","0","0","1","0","0","0","0","1","1","1","0"
"945","0","0","1","0","0","0","0","1","1","1","0"
"946","0","0","0","0","0","0","0","1","1","1","0"
"947","0","0","0","0","0","0","0","1","1","1","0"
"948","0","0","0","0","0","0","0","1","1","1","0"
"949","0","0","0","0","0","0","0","1","1","1","0"
"950","0","0","0","0","0","1","0","1","1","1","0"
"951","0","0","0","0","0","1","0","1","1","1","0"
"952","0","0","0","0","0","1","0","1","1","1","0"
"953","0","0","0","0","0","1","0","0","1","1","0"
"954","0","0","0","0","0","1","0","0","1","1","1"
"955","0","0","0","0","0","1","0","0","1","1","1"
"956","1","0","0","0","0","1","0","0","1","1","1"
"957","0","0","0","0","0","1","0","0","1","1","1"
"958","0","0","0","0","0","1","0","0","1","1","1"
"959","1","0","0","0","0","1","0","0","1","1","1"
"960","1","0","0","0","0","1","0","0","1","1","1"
"961","1","0","0","0","0","1","0","0","1","1","1"
"962","1","0","0","0","0","1","0","0","1","1","1"
"963","0","0","0","0","0","1","0","0","1","1","1"
"964","1","0","0","0","0","1","0","0","1","1","1"
"965","0","0","0","0","0","1","0","0","1","1","1"
"966","0","0","0","0","0","1","0","0","1","1","1"
"967","0","0","0","0","0","1","0","0","1","1","1"
"968","0","0","0","0","0","1","0","0","1","1","1"
"969","0","0","0","0","0","1","0","0","1","1","1"
"970","0","0","0","0","0","1","0","0","1","1","1"
"971","0","0","0","0","0","1","0","0","1","1","1"
"972","0","0","0","0","0","1","0","0","1","1","1"
"973","0","0","0","0","0","1","0","0","1","1","1"
"974","0","0","0","0","0","1","0","0","1","1","1"
"975","0","0","0","0","0","1","0","0","1","1","1"
"976","0","0","0","0","0","1","0","0","1","1","1"
"977","0","0","0","0","0","1","0","0","1","1","1"
"978","0","0","0","0","0","1","0","0","0","1","1"
"979","0","0","0","0","0","1","0","0","0","1","1"
"980","0","0","0","0","0","1","0","0","0","1","1"
"981","0","0","0","0","0","1","0","0","0","1","1"
"982","0","0","0","0","0","1","0","0","0","1","1"
"983","0","0","0","0","0","1","0","0","0","1","1"
"984","0","0","0","0","0","1","0","0","0","1","1"
"985","0","0","0","0","0","1","0","0","0","1","1"
"986","0","0","0","0","0","1","0","0","0","1","1"
"987","0","1","0","0","0","1","0","0","0","1","1"
"988","0","1","0","0","0","1","0","0","0","1","1"
"989","0","1","0","0","0","1","0","0","0","1","1"
"990","0","1","0","0","0","1","0","0","0","1","1"
"991","0","1","0","0","0","1","0","0","0","1","1"
"992","0","1","0","0","0","1","0","0","0","1","1"
"993","0","1","0","0","0","1","0","0","0","1","1"
"994","0","1","0","0","0","1","0","0","0","1","1"
"995","0","1","0","0","1","1","0","0","0","1","1"
"996","0","1","0","0","1","1","0","0","0","1","1"
"997","0","1","0","0","1","1","0","1","0","1","1"
"998","0","1","0","0","1","1","0","1","0","1","1"
"999","0","0","0","0","1","1","0","1","0","1","1"
"1000","0","0","0","0","1","1","0","1","0","1","1"
"1001","0","0","0","0","1","1","0","1","0","1","1"
"1002","0","0","0","0","1","1","0","1","0","1","1"
"1003","0","0","0","0","1","1","0","1","0","1","1"
"1004","1","0","0","0","1","1","0","1","0","1","1"
"1005","1","0","0","0","1","1","0","1","0","1","1"
"1006","1","0","0","0","0","1","0","1","0","1","1"
"1007","1","0","0","0","0","1","0","1","0","1","1"
"1008","1","0","0","0","0","1","0","1","0","1","1"
"1009","1","0","0","0","0","1","0","1","0","1","1"
"1010","1","1","0","0","0","1","0","1","0","1","1"
"1011","1","0","0","0","0","1","0","1","0","1","1"
"1012","1","0","0","0","0","1","0","1","0","1","1"
"1013","1","0","0","0","0","1","0","1","0","1","0"
"1014","1","0","0","0","0","1","0","0","0","1","0"
"1015","1","0","0","0","0","1","0","0","0","1","0"
"1016","0","0","0","0","0","1","0","0","0","1","0"
"1017","0","0","0","0","0","0","0","0","0","1","0"
"1018","0","0","0","0","0","0","0","0","0","1","0"
"1019","0","0","0","0","0","0","0","0","0","1","0"
"1020","0","0","0","0","0","0","0","0","0","1","0"
"1021","0","0","0","0","0","0","0","0","0","1","0"
"1022","0","0","0","0","0","0","0","0","0","1","0"
"1023","0","0","0","0","0","1","0","0","0","1","0"
"1024","0","0","0","0","0","1","0","0","0","1","0"
"1025","0","0","0","0","1","1","0","0","0","1","0"
"1026","0","0","0","0","1","0","0","0","0","1","0"
"1027","0","0","0","0","1","0","0","0","0","1","0"
"1028","0","0","0","0","1","0","0","0","0","1","0"
"1029","0","0","0","0","1","0","0","0","0","1","0"
"1030","0","0","0","0","1","0","0","0","0","1","0"
"1031","0","0","0","0","0","0","0","1","0","1","0"
"1032","0","0","0","0","0","0","0","1","0","1","0"
"1033","0","0","0","0","0","1","0","1","0","1","0"
"1034","0","0","0","0","0","1","0","1","0","1","0"
"1035","0","1","0","0","0","1","0","1","0","1","0"
"1036","0","1","0","0","0","1","0","1","0","1","0"
"1037","0","1","0","0","0","0","0","1","0","1","0"
"1038","0","1","0","0","0","0","0","1","0","1","0"
"1039","0","1","0","0","0","0","0","1","0","1","0"
"1040","0","1","0","0","0","0","0","1","0","1","0"
"1041","0","1","0","0","0","0","0","1","0","1","0"
"1042","0","1","0","0","0","0","0","1","0","1","0"
"1043","0","1","0","0","0","0","0","1","0","1","0"
"1044","0","1","0","0","0","0","0","1","0","1","0"
"1045","0","1","0","0","0","0","0","1","0","1","0"
"1046","0","1","0","0","0","0","0","0","0","1","0"
"1047","0","1","0","0","0","0","0","0","0","1","0"
"1048","0","1","0","0","0","0","0","0","0","1","0"
"1049","0","1","0","0","0","0","0","0","0","1","0"
"1050","0","1","0","0","0","0","1","0","0","1","0"
"1051","0","1","0","0","0","0","1","0","0","1","0"
"1052","0","1","0","0","0","0","1","0","0","1","0"
"1053","0","1","0","0","0","0","1","0","0","1","0"
"1054","0","1","0","0","0","0","1","0","0","1","0"
"1055","0","1","0","0","0","0","1","0","0","1","0"
"1056","0","1","0","0","0","0","1","0","0","1","0"
"1057","0","1","0","0","0","0","1","0","0","1","0"
"1058","0","1","0","0","0","0","1","0","0","1","0"
"1059","0","1","0","0","0","0","1","0","0","1","0"
"1060","0","1","0","0","0","0","1","0","0","1","0"
"1061","0","1","0","0","0","0","1","0","0","1","0"
"1062","0","1","0","0","0","0","1","0","0","1","0"
"1063","0","1","0","0","0","0","1","0","0","1","0"
"1064","0","1","0","0","0","0","1","0","0","1","0"
"1065","0","1","0","0","0","0","1","0","0","1","0"
"1066","0","1","0","0","0","0","1","0","0","1","0"
"1067","0","1","0","0","0","0","1","0","0","1","0"
"1068","0","1","0","0","0","0","1","0","0","1","0"
"1069","0","1","0","0","0","0","1","0","0","1","0"
"1070","0","1","0","0","0","0","1","0","0","1","0"
"1071","0","1","0","0","0","0","1","0","0","1","0"
"1072","0","0","0","0","0","0","1","0","0","1","0"
"1073","0","1","0","0","0","0","1","0","0","1","0"
"1074","0","1","0","0","0","0","1","0","0","1","0"
"1075","0","1","0","0","0","0","1","0","0","1","0"
"1076","0","0","0","0","0","1","1","0","0","1","0"
"1077","1","0","0","0","0","1","1","0","0","1","0"
"1078","1","0","0","0","0","1","1","0","0","1","0"
"1079","1","0","0","0","0","1","1","0","0","1","0"
"1080","1","0","0","0","0","1","1","0","0","1","0"
"1081","1","0","0","0","0","1","1","0","0","1","0"
"1082","1","0","0","0","0","1","1","0","0","1","0"
"1083","1","0","0","0","0","1","1","0","0","1","0"
"1084","1","0","0","0","0","0","1","0","0","1","0"
"1085","1","0","0","0","0","0","1","0","0","1","0"
"1086","0","0","0","0","0","0","1","0","0","1","0"
"1087","0","0","0","0","0","0","1","0","0","1","0"
"1088","0","0","0","0","0","0","1","0","0","1","0"
"1089","0","0","0","0","0","0","1","0","0","1","0"
"1090","0","0","0","0","0","0","1","0","0","1","0"
"1091","0","0","0","0","0","0","1","0","0","1","0"
"1092","0","0","0","0","0","0","1","0","0","1","0"
"1093","0","0","0","0","0","0","1","0","0","1","0"
"1094","0","0","0","0","0","0","1","0","0","1","0"
"1095","0","0","0","0","0","0","1","0","0","1","0"
"1096","0","0","0","0","0","0","1","0","0","1","0"
"1097","0","0","0","0","0","0","0","0","0","1","0"
"1098","0","0","0","0","0","0","0","0","0","0","0"
"1099","0","0","0","0","0","0","0","0","0","0","0"
"1100","0","0","0","0","0","0","0","0","0","0","0"
"1101","0","0","0","0","0","0","0","0","0","0","0"
"1102","0","0","0","0","0","0","0","0","0","0","0"
"1103","0","0","0","0","1","0","0","0","0","0","0"
"1104","0","0","0","0","1","0","0","0","0","0","0"
"1105","0","0","0","0","1","0","0","0","0","0","0"
"1106","0","0","0","0","1","0","0","0","0","0","0"
"1107","0","0","0","0","1","0","1","0","0","0","0"
"1108","0","0","0","0","1","0","1","0","0","0","0"
"1109","0","0","0","0","1","0","1","0","0","0","0"
"1110","0","0","0","0","1","0","1","0","0","0","0"
"1111","0","0","0","0","1","0","1","0","0","0","0"
"1112","0","0","0","0","1","0","0","0","0","0","0"
"1113","0","0","0","0","1","0","0","0","0","0","0"
"1114","0","0","0","0","1","0","0","0","0","0","0"
"1115","0","0","0","0","1","1","1","0","0","0","0"
"1116","0","0","0","0","1","1","1","0","0","0","0"
"1117","0","0","0","0","1","1","1","0","0","0","0"
"1118","0","0","0","0","1","1","1","0","0","0","0"
"1119","0","0","0","0","1","1","1","0","0","0","0"
"1120","0","0","0","0","1","1","1","0","0","0","0"
"1121","0","0","0","0","1","1","1","0","0","0","0"
"1122","0","0","0","0","1","1","1","0","0","0","0"
"1123","0","0","0","0","1","1","1","0","0","0","0"
"1124","0","0","0","0","1","1","1","0","0","0","0"
"1125","0","0","0","0","1","1","1","0","0","0","0"
"1126","0","0","0","0","1","1","1","0","0","0","0"
"1127","0","0","0","0","1","1","1","0","0","0","0"
"1128","0","0","0","0","1","1","1","0","0","0","0"
"1129","0","0","0","0","1","1","1","0","0","0","0"
"1130","0","0","0","0","1","1","1","0","0","0","0"
"1131","0","0","0","0","1","1","1","0","0","0","0"
"1132","0","0","0","0","1","1","1","0","0","0","0"
"1133","0","0","0","0","1","1","1","0","0","0","0"
"1134","0","0","0","0","1","1","1","0","0","0","0"
"1135","0","0","0","0","1","1","1","0","0","0","0"
"1136","0","0","0","0","1","0","1","0","0","0","0"
"1137","0","0","0","0","1","0","0","0","0","0","0"
"1138","0","0","0","0","1","0","0","0","0","1","0"
"1139","0","0","0","0","1","1","0","0","0","1","0"
"1140","0","0","0","0","1","1","0","0","0","1","0"
"1141","0","0","0","0","0","1","0","0","0","1","0"
"1142","0","0","0","0","0","1","0","0","0","1","0"
"1143","0","0","0","0","0","1","0","0","0","1","0"
"1144","0","0","0","0","0","1","0","0","0","1","0"
"1145","0","0","0","0","0","1","0","0","0","1","0"
"1146","0","0","0","0","0","1","0","0","0","1","0"
"1147","0","0","0","0","0","1","0","0","0","1","0"
"1148","0","0","0","0","0","1","0","0","0","1","0"
"1149","0","0","0","0","0","1","0","0","0","1","0"
"1150","0","0","0","0","0","1","0","0","0","1","0"
"1151","0","1","0","0","0","1","0","0","0","1","0"
"1152","0","1","0","0","0","1","0","0","0","1","0"
"1153","0","1","0","0","0","1","0","0","0","1","0"
"1154","0","1","0","0","0","1","0","0","0","1","0"
"1155","0","1","0","0","0","1","0","0","0","1","0"
"1156","0","1","0","0","0","1","0","0","0","1","0"
"1157","0","1","0","0","0","1","0","0","0","1","0"
"1158","0","0","0","0","1","1","0","0","0","1","0"
"1159","0","0","0","0","1","0","0","0","0","1","0"
"1160","0","0","0","0","1","0","0","0","0","1","0"
"1161","0","0","0","0","0","0","0","0","0","1","0"
"1162","0","0","0","0","0","0","0","0","0","1","0"
"1163","0","0","0","0","0","0","0","0","0","1","0"
"1164","0","0","0","0","0","0","0","0","0","1","0"
"1165","0","0","0","0","0","0","0","0","0","1","0"
"1166","0","0","0","0","0","0","0","0","0","1","0"
"1167","0","0","0","0","0","0","0","0","0","1","0"
"1168","0","0","0","0","0","0","0","0","0","1","0"
"1169","0","0","0","0","0","1","0","0","0","1","0"
"1170","0","0","0","0","0","1","0","0","0","1","0"
"1171","0","0","0","0","0","1","0","0","0","1","0"
"1172","0","0","0","0","0","0","0","0","0","1","0"
"1173","0","0","0","0","0","0","0","0","0","1","0"
"1174","0","0","0","0","0","0","0","0","0","1","0"
"1175","0","0","0","0","0","0","0","0","0","1","0"
"1176","0","0","0","0","0","0","0","0","0","1","0"
"1177","0","0","0","0","0","0","0","0","0","1","0"
"1178","0","0","0","0","0","0","0","0","0","1","0"
"1179","0","0","0","0","0","0","0","0","0","1","0"
"1180","0","0","0","0","0","0","0","0","0","1","0"
"1181","0","0","0","0","0","0","0","0","0","1","0"
"1182","0","0","0","0","0","0","0","0","0","1","0"
"1183","0","0","0","0","0","0","0","0","0","0","0"
"1184","0","0","0","0","0","0","0","0","0","0","0"
"1185","0","0","0","0","0","0","0","0","0","0","0"
"1186","0","0","0","0","0","0","0","0","0","0","0"
"1187","0","0","0","0","0","0","0","0","0","0","0"
"1188","0","0","0","0","0","0","0","0","0","0","0"
"1189","0","0","0","0","0","0","0","0","0","0","0"
"1190","0","0","0","0","0","0","0","0","0","0","0"
"1191","0","0","0","0","0","0","0","0","0","0","0"
"1192","0","0","0","0","0","0","0","0","0","0","0"
"1193","0","0","0","0","0","0","0","0","0","0","0"
"1194","0","0","0","0","0","0","0","0","0","0","0"
"1195","0","0","0","0","0","0","0","0","0","0","0"
"1196","0","0","0","0","0","0","0","0","0","0","0"
"1197","0","0","0","0","0","0","0","0","0","0","0"
"1198","0","0","0","0","0","0","0","0","0","0","0"
"1199","0","0","0","0","0","0","0","0","0","0","0"
"1200","0","0","0","0","0","0","0","0","0","0","0"
"1201","0","1","0","0","0","0","0","0","0","0","0"
"1202","0","0","0","0","0","0","0","0","0","0","0"
"1203","0","0","0","1","0","0","0","0","0","0","0"
"1204","0","0","0","1","0","0","0","0","0","0","0"
"1205","0","0","0","1","0","0","0","0","0","0","0"
"1206","0","0","0","1","0","0","0","0","0","0","0"
"1207","0","0","0","0","0","0","0","0","0","0","0"
"1208","0","0","0","0","0","0","0","0","0","0","0"
"1209","0","0","0","0","0","0","0","0","0","0","1"
"1210","0","0","0","0","0","0","0","0","0","0","1"
"1211","1","0","0","0","0","0","0","0","0","0","1"
"1212","1","0","0","0","0","0","0","0","0","0","1"
"1213","1","0","0","0","0","0","0","0","0","0","1"
"1214","1","0","0","0","0","0","0","0","0","0","1"
"1215","1","0","0","0","0","0","0","0","0","0","1"
"1216","1","0","0","0","0","0","0","0","0","0","1"
"1217","1","0","0","0","0","0","0","0","0","0","1"
"1218","0","0","0","0","0","0","0","0","0","0","1"
"1219","0","0","0","0","0","0","0","0","0","0","0"
"1220","0","0","0","0","0","0","0","0","0","0","0"
"1221","0","0","0","0","0","0","0","0","0","0","0"
"1222","0","0","0","0","0","0","0","0","0","0","0"
"1223","0","0","0","0","0","0","0","0","0","0","0"
"1224","0","0","0","0","0","0","0","0","0","0","0"
"1225","0","0","0","0","0","0","0","0","0","0","0"
"1226","0","0","0","0","0","0","0","0","0","0","0"
"1227","0","0","0","0","0","0","0","0","0","0","0"
"1228","0","0","1","0","0","0","0","0","0","0","1"
"1229","0","0","0","0","0","0","0","0","0","0","1"
"1230","0","0","0","0","0","0","0","0","0","0","1"
"1231","0","0","0","0","0","0","0","0","0","0","1"
"1232","0","0","0","0","0","0","0","0","0","0","1"
"1233","0","0","0","0","0","0","1","0","0","0","1"
"1234","0","0","0","0","0","0","1","0","0","0","1"
"1235","0","0","0","0","0","0","1","0","0","0","1"
"1236","0","0","0","0","0","0","1","0","0","0","1"
"1237","0","0","0","0","0","0","1","0","0","0","1"
"1238","0","0","0","0","0","0","1","0","0","0","1"
"1239","0","0","0","0","0","0","1","0","0","0","1"
"1240","0","0","0","0","0","0","1","0","0","0","1"
"1241","0","0","0","0","0","0","1","0","0","0","1"
"1242","0","0","0","0","0","0","1","0","0","0","1"
"1243","0","0","0","0","0","0","1","0","0","0","1"
"1244","0","0","0","0","0","0","1","0","0","0","1"
"1245","0","0","0","0","0","0","1","0","0","0","1"
"1246","0","0","0","0","0","0","1","0","0","0","1"
"1247","0","0","0","0","0","0","1","0","0","0","1"
"1248","0","0","0","0","0","0","1","0","0","0","1"
"1249","0","0","0","0","0","0","1","0","0","0","1"
"1250","0","0","0","0","0","0","1","0","0","0","1"
"1251","0","0","0","0","0","0","1","0","0","0","1"
"1252","0","0","0","0","0","0","1","0","0","0","1"
"1253","0","0","0","0","0","0","1","0","0","0","1"
"1254","0","0","0","0","0","0","1","0","0","0","1"
"1255","0","0","0","0","0","0","1","0","0","0","1"
"1256","0","0","0","0","0","0","1","0","0","0","1"
"1257","0","0","0","0","0","0","1","0","0","0","1"
"1258","0","0","0","0","0","0","1","0","0","0","1"
"1259","0","0","0","0","0","0","1","0","0","0","1"
"1260","0","0","0","0","0","0","1","0","0","0","1"
"1261","0","0","0","0","0","0","1","0","0","0","1"
"1262","0","0","0","0","0","0","1","0","0","0","1"
"1263","0","0","0","0","0","0","1","0","0","0","1"
"1264","0","0","0","0","0","0","1","0","0","0","1"
"1265","0","0","0","0","0","0","1","0","0","0","1"
"1266","0","0","0","0","0","0","1","0","0","0","1"
"1267","0","0","0","0","0","0","1","0","0","0","1"
"1268","0","0","0","0","0","0","1","0","0","0","1"
"1269","0","0","0","0","0","0","0","0","0","0","1"
"1270","0","0","0","0","0","0","1","0","0","0","1"
"1271","0","0","0","0","0","0","1","0","0","0","1"
"1272","0","0","0","0","0","0","1","0","0","0","1"
"1273","0","0","0","0","0","0","1","0","0","0","1"
"1274","0","0","0","0","0","0","1","0","0","0","1"
"1275","0","0","0","0","0","0","1","0","0","0","1"
"1276","0","0","0","0","0","0","1","0","0","0","1"
"1277","0","0","0","0","0","0","1","0","0","0","1"
"1278","0","0","0","0","0","0","1","1","0","0","1"
"1279","0","0","0","0","0","0","1","0","0","0","1"
"1280","0","0","0","0","0","0","1","0","0","0","1"
"1281","0","0","0","0","0","0","1","0","0","0","0"
"1282","0","0","0","0","0","0","1","0","0","0","0"
"1283","0","0","0","0","0","0","1","0","0","0","0"
"1284","0","0","1","0","0","0","1","0","0","0","0"
"1285","0","0","1","0","0","0","1","0","0","0","0"
"1286","0","0","1","0","0","0","1","0","0","0","0"
"1287","0","0","1","0","0","0","1","0","0","0","0"
"1288","0","0","1","0","0","0","1","0","0","0","0"
"1289","0","0","1","0","0","0","1","0","0","0","0"
"1290","0","0","1","0","0","0","0","0","0","0","0"
"1291","0","0","1","0","0","0","0","0","0","0","0"
"1292","0","0","1","0","0","0","0","0","0","0","0"
"1293","0","0","1","0","0","0","0","1","0","0","0"
"1294","0","0","1","0","0","0","0","1","0","0","0"
"1295","0","0","1","0","0","0","0","1","0","0","0"
"1296","0","0","1","0","0","0","0","1","0","0","0"
"1297","0","0","0","1","0","0","0","1","0","0","0"
"1298","0","0","0","0","0","0","0","1","0","0","0"
"1299","0","0","1","0","0","0","0","1","0","0","0"
"1300","0","0","1","0","0","0","1","1","0","0","0"
"1301","0","0","1","0","0","0","1","1","0","0","0"
"1302","0","0","1","0","0","0","1","1","0","0","0"
"1303","0","0","1","0","0","0","1","1","0","0","0"
"1304","0","0","0","0","0","0","1","1","0","0","0"
"1305","0","0","0","0","0","1","1","1","0","0","0"
"1306","0","0","0","0","0","1","1","1","0","0","0"
"1307","0","0","0","0","0","1","1","1","0","0","0"
"1308","0","0","0","0","0","1","1","1","0","0","0"
"1309","0","0","0","0","0","1","1","1","0","0","0"
"1310","0","0","0","0","0","1","1","1","0","0","0"
"1311","0","0","0","0","0","1","0","1","0","0","0"
"1312","0","0","0","0","0","1","0","1","0","0","0"
"1313","0","0","0","0","0","1","0","1","0","0","0"
"1314","0","0","0","0","0","1","0","1","0","0","0"
"1315","0","0","0","0","0","1","0","1","0","0","0"
"1316","0","0","0","0","0","1","0","1","0","0","0"
"1317","0","0","0","0","0","1","0","1","0","0","0"
"1318","0","0","0","0","0","1","0","1","0","0","0"
"1319","0","0","0","0","0","1","0","1","0","0","0"
"1320","0","0","0","0","0","1","0","1","0","0","0"
"1321","0","0","0","0","0","1","0","1","0","0","0"
"1322","0","0","0","0","0","1","0","1","0","0","0"
"1323","0","0","0","0","0","1","0","1","0","0","0"
"1324","0","0","0","0","0","1","0","1","0","0","0"
"1325","0","0","0","0","0","1","0","1","0","0","0"
"1326","0","0","0","0","0","1","0","1","0","0","0"
"1327","0","0","0","0","0","1","0","1","0","0","0"
"1328","0","0","0","0","0","1","0","0","0","0","0"
"1329","0","0","0","0","0","1","0","0","0","0","0"
"1330","0","0","0","0","0","1","0","0","0","0","0"
"1331","0","0","0","0","0","1","0","0","0","0","0"
"1332","0","0","0","0","0","1","0","0","0","0","0"
"1333","0","0","0","0","0","1","0","0","0","0","0"
"1334","0","0","0","0","0","1","0","0","0","0","0"
"1335","0","0","0","0","0","1","0","0","0","0","0"
"1336","0","0","0","0","0","1","0","0","0","0","0"
"1337","0","0","0","0","0","1","0","0","0","0","0"
"1338","1","0","0","0","0","1","0","0","0","0","0"
"1339","1","0","0","0","0","1","0","0","0","0","0"
"1340","1","0","0","0","0","1","0","0","0","0","0"
"1341","1","0","0","0","0","1","0","0","0","0","0"
"1342","1","0","0","0","0","1","0","0","0","0","0"
"1343","1","0","0","0","0","1","0","0","0","0","0"
"1344","1","0","0","0","0","1","0","0","0","0","0"
"1345","1","0","0","0","0","1","0","0","0","0","0"
"1346","1","0","0","0","0","1","0","0","0","0","0"
"1347","1","0","0","0","0","1","0","0","0","0","0"
"1348","1","0","0","0","0","1","0","0","0","0","0"
"1349","1","0","0","0","0","1","0","0","0","0","0"
"1350","1","0","0","1","0","1","0","0","0","0","0"
"1351","1","0","0","0","0","1","0","0","0","0","0"
"1352","1","0","0","0","0","1","0","0","0","0","0"
"1353","1","0","0","0","0","1","0","0","0","0","0"
"1354","1","0","0","0","0","1","0","0","0","0","0"
"1355","1","1","0","0","0","1","0","0","0","0","0"
"1356","1","0","0","0","0","1","0","0","0","0","0"
"1357","1","0","0","0","0","1","0","0","0","0","0"
"1358","1","0","0","0","0","1","0","0","0","0","0"
"1359","1","0","0","0","0","1","0","0","0","0","0"
"1360","1","0","0","0","0","1","0","0","0","0","0"
"1361","1","0","0","0","0","1","0","0","0","0","0"
"1362","0","0","0","0","0","1","0","0","0","0","0"
"1363","0","0","0","0","0","1","0","0","0","0","0"
"1364","0","0","0","0","0","1","0","0","0","0","0"
"1365","0","0","0","0","0","1","0","0","0","0","0"
"1366","0","0","0","0","0","0","0","0","0","0","0"
"1367","0","0","0","0","0","0","0","0","0","0","0"
"1368","0","0","0","0","0","0","0","0","0","0","0"
"1369","1","0","0","0","0","1","0","0","0","0","0"
"1370","1","0","0","0","0","1","0","0","0","0","0"
"1371","1","0","0","0","0","1","0","0","0","0","0"
"1372","1","0","0","0","0","1","0","0","0","0","0"
"1373","1","0","0","0","0","1","0","0","0","0","0"
"1374","1","0","0","0","0","1","0","0","0","0","0"
"1375","1","0","0","0","0","1","0","0","0","0","0"
"1376","1","0","0","0","0","1","0","0","0","0","0"
"1377","1","0","0","0","0","1","0","0","0","0","0"
"1378","1","0","0","0","0","1","0","0","0","0","0"
"1379","1","0","0","0","0","1","0","0","0","0","0"
"1380","1","0","0","0","0","1","0","1","0","0","0"
"1381","1","0","0","0","0","0","0","1","0","0","0"
"1382","1","0","0","0","0","1","0","1","0","0","0"
"1383","1","0","0","0","0","1","0","1","0","0","0"
"1384","1","1","0","0","0","1","0","1","0","0","0"
"1385","1","1","0","0","0","1","0","1","0","0","0"
"1386","1","1","0","0","0","1","0","1","0","0","0"
"1387","1","1","0","0","0","1","0","1","0","0","0"
"1388","1","1","0","0","0","1","0","0","0","0","0"
"1389","1","1","0","0","0","1","0","0","0","0","0"
"1390","1","0","0","0","0","1","0","0","0","0","0"
"1391","1","0","0","0","0","1","0","0","0","0","0"
"1392","1","0","0","0","0","1","0","0","0","0","0"
"1393","1","1","0","0","0","0","0","0","0","0","0"
"1394","0","1","0","0","0","0","0","0","0","0","0"
"1395","0","1","0","0","0","0","0","0","0","0","0"
"1396","0","1","0","0","1","0","0","0","0","0","0"
"1397","0","1","0","0","0","0","0","0","0","0","0"
"1398","0","1","0","0","0","0","0","0","0","0","0"
"1399","0","1","0","0","0","0","0","0","0","0","0"
"1400","0","1","0","0","0","0","0","0","0","0","0"
"1401","0","1","0","0","1","0","0","0","0","0","0"
"1402","0","1","0","0","1","0","0","0","0","0","0"
"1403","0","1","0","0","1","0","0","0","0","0","0"
"1404","0","1","0","0","1","0","0","0","0","0","0"
"1405","0","0","0","0","1","0","0","0","0","0","0"
"1406","0","0","0","0","1","0","0","0","0","0","1"
"1407","0","0","0","0","1","0","1","0","0","0","1"
"1408","0","0","0","0","1","0","1","0","0","0","1"
"1409","0","0","0","0","1","0","1","0","0","0","1"
"1410","0","0","0","0","1","0","1","0","0","0","1"
"1411","0","0","0","0","1","0","1","0","0","0","1"
"1412","0","0","0","0","1","0","1","0","0","0","1"
"1413","0","0","0","0","1","0","1","0","0","0","1"
"1414","0","0","0","0","1","0","1","0","0","0","1"
"1415","0","0","0","0","1","0","1","0","0","0","1"
"1416","0","0","0","0","1","0","1","0","0","0","1"
"1417","0","0","0","0","1","1","1","0","0","0","1"
"1418","0","0","0","0","1","1","1","0","0","0","1"
"1419","0","0","0","0","1","1","1","0","0","0","1"
"1420","0","0","0","0","1","1","1","0","0","0","1"
"1421","0","0","0","0","1","1","1","0","0","0","1"
"1422","0","0","0","0","1","1","1","0","0","0","1"
"1423","0","0","0","0","1","1","1","0","0","0","1"
"1424","0","0","0","0","1","1","0","0","0","0","1"
"1425","0","0","0","0","1","1","0","0","0","0","1"
"1426","0","0","0","0","1","1","1","0","0","0","1"
"1427","0","0","0","0","0","1","1","0","0","0","1"
"1428","1","0","0","0","0","1","1","0","0","0","1"
"1429","1","0","0","0","0","1","1","0","0","0","1"
"1430","1","0","0","0","0","1","1","0","0","0","1"
"1431","1","1","0","0","0","0","1","0","0","0","1"
"1432","1","1","0","0","0","0","1","0","0","0","1"
"1433","1","1","0","0","0","0","1","0","0","0","1"
"1434","1","1","0","0","0","0","1","0","0","0","1"
"1435","1","1","0","0","0","0","1","0","0","1","1"
"1436","1","1","0","0","0","0","1","0","0","1","0"
"1437","1","1","0","0","0","0","1","0","0","1","0"
"1438","0","1","0","0","0","0","1","0","0","1","0"
"1439","0","1","0","0","0","0","1","0","0","1","0"
"1440","0","1","0","0","0","0","1","0","0","1","0"
"1441","0","1","0","0","0","0","1","0","0","1","0"
"1442","0","1","0","0","0","0","1","0","0","1","0"
"1443","0","1","0","0","0","0","1","0","0","1","0"
"1444","0","1","0","0","0","0","1","0","0","1","0"
"1445","0","1","0","0","0","0","1","0","0","1","0"
"1446","0","1","0","0","0","0","1","0","0","1","0"
"1447","0","1","0","0","0","0","1","1","0","1","0"
"1448","0","1","0","0","0","0","1","1","0","1","0"
"1449","0","1","0","0","0","0","1","1","0","1","0"
"1450","0","1","0","0","0","0","1","1","0","1","0"
"1451","0","1","0","0","0","0","1","1","0","1","0"
"1452","0","1","0","0","0","0","1","1","0","1","0"
"1453","1","1","0","0","0","0","1","1","0","1","0"
"1454","1","1","0","0","0","0","1","1","0","1","0"
"1455","1","1","0","0","0","0","1","0","0","1","0"
"1456","1","1","0","0","0","0","0","0","0","1","1"
"1457","1","1","0","0","0","0","0","0","0","1","1"
"1458","1","1","0","0","0","0","0","0","0","1","1"
"1459","0","1","0","0","0","0","0","0","0","1","1"
"1460","0","1","0","0","0","0","0","0","0","1","1"
"1461","1","1","0","0","0","0","0","0","0","1","1"
"1462","1","1","0","0","0","0","0","0","0","1","1"
"1463","1","1","0","0","0","0","0","1","0","1","1"
"1464","1","1","0","0","0","0","0","1","0","1","1"
"1465","1","1","0","0","0","0","0","0","0","1","1"
"1466","1","1","0","0","0","0","0","0","0","1","1"
"1467","1","1","0","0","0","0","0","1","0","1","1"
"1468","1","1","0","0","0","0","0","1","0","1","1"
"1469","1","1","0","0","0","1","0","1","0","1","1"
"1470","1","1","0","0","0","1","0","1","0","0","1"
"1471","1","1","0","0","0","1","0","1","0","1","1"
"1472","1","1","0","0","0","1","1","1","0","1","1"
"1473","1","1","0","0","0","1","1","1","0","1","1"
"1474","1","1","0","0","0","1","1","1","0","1","1"
"1475","1","1","0","0","0","1","1","1","0","1","1"
"1476","1","1","0","0","0","1","1","1","0","0","1"
"1477","1","1","0","0","0","1","1","1","0","0","1"
"1478","1","1","0","0","0","1","1","1","0","0","1"
"1479","1","1","0","0","0","1","1","1","0","0","1"
"1480","1","1","0","0","0","1","1","1","0","0","1"
"1481","1","1","0","0","0","1","1","1","0","0","1"
"1482","1","1","0","0","0","1","1","1","0","0","1"
"1483","1","1","0","0","0","1","1","1","0","0","1"
"1484","1","1","0","0","0","1","1","1","0","0","1"
"1485","1","1","0","0","0","1","1","1","0","0","1"
"1486","1","1","0","0","0","1","1","1","0","0","1"
"1487","1","1","0","0","0","1","1","1","0","0","1"
"1488","1","1","0","0","0","1","1","1","0","0","1"
"1489","1","1","0","0","0","1","1","1","0","0","1"
"1490","1","1","0","0","0","1","0","1","0","0","1"
"1491","1","1","0","0","0","0","0","0","0","0","1"
"1492","1","1","0","0","0","0","1","1","0","0","1"
"1493","1","1","0","0","0","0","1","1","0","0","1"
"1494","1","1","0","0","0","0","1","1","0","0","1"
"1495","1","1","0","0","0","0","1","1","0","0","1"
"1496","1","1","0","0","0","0","1","1","0","0","1"
"1497","1","1","0","0","0","0","1","1","0","0","1"
"1498","1","1","0","0","0","0","1","1","0","0","1"
"1499","1","1","0","0","0","0","1","1","0","0","1"
"1500","1","1","0","0","0","0","1","1","0","0","1"
"1501","1","1","0","0","0","0","1","1","0","0","1"
"1502","1","1","0","0","0","0","1","1","0","0","1"
"1503","1","1","0","0","0","0","1","1","0","0","1"
"1504","1","1","0","0","0","0","1","1","0","0","1"
"1505","1","1","0","0","0","0","1","1","0","0","1"
"1506","1","0","0","0","0","1","1","1","0","0","1"
"1507","1","0","0","0","0","1","0","0","0","0","1"
"1508","1","0","0","0","0","1","0","0","0","0","1"
"1509","1","0","0","0","0","1","0","0","0","0","1"
"1510","1","0","0","0","0","1","0","0","0","0","1"
"1511","1","0","0","0","0","1","0","0","0","0","1"
"1512","1","1","0","0","0","1","0","0","0","0","1"
"1513","1","1","0","0","0","1","0","0","0","0","1"
"1514","1","1","0","0","0","1","0","0","0","0","1"
"1515","1","1","0","0","0","1","0","0","0","0","1"
"1516","1","1","0","0","0","1","0","0","0","0","1"
"1517","1","1","0","0","0","1","0","0","0","0","1"
"1518","0","1","0","0","0","1","0","0","0","0","1"
"1519","0","1","0","0","0","1","0","0","0","0","1"
"1520","0","1","0","0","0","1","0","0","0","0","0"
"1521","0","1","0","0","0","1","0","0","0","0","0"
"1522","0","1","0","0","0","1","0","0","0","0","0"
"1523","0","1","0","0","0","1","0","0","0","0","0"
"1524","0","1","0","0","0","1","0","0","0","0","0"
"1525","0","1","0","0","0","1","0","0","0","0","0"
"1526","0","1","0","0","0","1","0","0","0","0","0"
"1527","0","1","0","0","0","1","0","0","0","0","0"
"1528","0","1","0","0","0","1","0","0","0","0","0"
"1529","0","1","0","0","0","1","0","0","0","0","0"
"1530","0","1","0","0","0","1","0","0","0","0","0"
"1531","0","1","0","0","0","1","0","0","0","0","0"
"1532","0","1","0","0","0","1","0","0","0","0","0"
"1533","0","1","0","0","0","1","0","0","0","0","0"
"1534","0","1","0","0","0","1","0","0","0","0","0"
"1535","0","1","0","0","0","1","0","0","0","0","0"
"1536","0","1","0","0","0","1","0","0","0","0","0"
"1537","0","0","0","0","0","1","0","0","0","0","0"
"1538","0","1","0","0","0","1","0","0","0","0","0"
"1539","0","1","0","0","1","1","0","0","0","0","0"
"1540","0","1","0","0","1","0","0","0","0","0","0"
"1541","0","1","0","0","1","0","0","0","0","0","0"
"1542","0","1","0","0","1","0","0","0","0","0","0"
"1543","0","1","0","0","1","0","0","0","0","0","0"
"1544","0","1","0","0","1","0","0","0","0","0","0"
"1545","0","1","0","0","1","0","0","0","0","0","0"
"1546","0","1","0","0","1","0","0","0","0","0","0"
"1547","0","0","0","0","1","0","0","0","0","0","0"
"1548","0","1","0","0","1","0","0","0","0","0","0"
"1549","0","1","0","0","0","0","0","0","0","0","0"
"1550","0","1","0","0","0","0","0","0","0","0","0"
"1551","0","1","0","0","0","0","0","0","0","0","0"
"1552","0","1","0","0","0","0","0","0","0","0","0"
"1553","0","1","0","0","0","0","0","0","0","0","0"
"1554","0","1","0","0","0","0","0","0","0","0","0"
"1555","0","1","0","0","0","0","0","0","0","0","0"
"1556","0","1","0","0","0","0","0","0","0","0","0"
"1557","0","1","0","0","0","0","0","0","0","0","0"
"1558","0","1","0","0","0","0","0","0","0","0","0"
"1559","0","1","0","0","0","0","0","0","0","0","0"
"1560","0","1","0","0","0","0","0","0","0","0","0"
"1561","0","1","0","0","0","0","0","0","0","0","0"
"1562","0","1","0","0","0","0","0","0","0","0","0"
"1563","0","1","0","0","0","0","0","0","0","0","0"
"1564","0","1","0","0","0","0","0","0","0","0","0"
"1565","0","1","0","0","0","0","0","0","0","1","0"
"1566","0","1","0","0","0","0","0","0","0","0","0"
"1567","0","1","0","0","0","0","0","0","0","1","0"
"1568","0","1","0","0","0","0","0","0","0","0","0"
"1569","0","1","0","0","0","0","0","0","0","0","0"
"1570","0","1","0","0","0","0","0","0","0","0","0"
"1571","0","1","0","0","0","0","0","0","0","0","0"
"1572","0","1","0","0","0","0","0","0","0","0","0"
"1573","0","1","0","0","0","0","0","0","0","0","0"
"1574","0","1","0","0","0","0","1","1","0","0","0"
"1575","0","1","0","0","0","0","1","1","0","0","0"
"1576","0","1","0","0","0","0","1","1","0","0","0"
"1577","0","1","0","0","0","0","1","1","0","0","0"
"1578","0","1","0","0","0","0","1","1","0","0","0"
"1579","0","1","0","0","0","0","1","1","0","0","0"
"1580","0","1","0","0","0","0","1","1","0","0","0"
"1581","0","1","0","0","0","0","1","1","0","0","0"
"1582","0","1","0","0","0","0","1","1","0","0","0"
"1583","0","0","0","0","0","0","1","1","0","0","0"
"1584","0","0","0","0","0","0","1","1","0","0","0"
"1585","0","0","0","0","0","0","1","0","0","0","0"
"1586","0","0","0","0","0","0","1","0","0","0","0"
"1587","0","0","0","0","0","1","1","0","0","0","0"
"1588","0","0","0","0","0","1","1","0","0","0","0"
"1589","0","0","0","0","0","1","1","0","0","0","0"
"1590","0","0","0","0","0","1","1","0","0","0","0"
"1591","0","0","0","0","0","1","1","0","0","0","0"
"1592","0","0","0","0","0","1","1","0","0","0","0"
"1593","0","0","0","0","0","1","1","0","0","1","0"
"1594","0","0","0","0","0","0","1","0","0","0","0"
"1595","0","0","0","0","0","1","1","0","0","0","0"
"1596","0","0","0","0","0","1","1","0","0","0","0"
"1597","0","0","0","0","0","1","1","0","0","0","0"
"1598","0","0","0","0","0","1","1","0","0","0","0"
"1599","0","0","0","0","0","1","1","0","0","0","0"
"1600","0","0","0","0","0","1","1","0","0","0","0"
"1601","0","0","0","0","0","1","1","0","0","0","0"
"1602","0","0","0","0","0","1","1","0","0","0","0"
"1603","0","0","0","","0","1","1","0","0","0","0"
"1604","0","0","0","","0","1","1","0","0","0","0"
"1605","0","0","0","","0","1","1","0","0","1","0"
"1606","0","0","0","","0","1","1","1","0","0","0"
"1607","0","0","0","","0","1","1","1","0","0","0"
"1608","0","0","0","","0","1","1","1","0","1","0"
"1609","0","0","0","","0","1","1","1","0","0","0"
"1610","0","0","0","","0","1","1","1","0","0","0"
"1611","0","0","0","","0","1","1","1","0","0","0"
"1612","0","0","0","","0","1","0","1","0","0","0"
"1613","0","0","0","","0","1","0","1","0","0","0"
"1614","0","0","0","","0","0","0","1","0","0","0"
"1615","0","0","0","","0","0","0","1","0","0","0"
"1616","0","0","0","","0","0","0","1","0","0","0"
"1617","0","0","0","","0","0","0","1","0","0","0"
"1618","0","0","0","","0","0","0","1","0","0","0"
"1619","0","0","0","","0","0","0","1","0","0","0"
"1620","0","0","0","","0","0","0","1","0","0","0"
"1621","0","0","0","","0","0","0","1","0","0","0"
"1622","0","0","0","","0","0","0","1","0","0","0"
"1623","0","0","0","","0","0","0","1","0","0","0"
"1624","0","0","0","","0","0","0","0","0","0","0"
"1625","0","0","0","","0","0","0","0","0","0","0"
"1626","0","0","0","","0","0","0","0","0","0","0"
"1627","0","0","0","","0","0","0","0","0","0","0"
"1628","0","0","0","","0","0","0","0","0","0","0"
"1629","0","0","0","","0","0","0","0","0","0","0"
"1630","0","0","0","","0","0","0","0","0","0","0"
"1631","0","0","0","","0","0","0","0","0","0","0"
"1632","0","0","0","","0","0","0","0","0","0","0"
"1633","0","0","0","","0","0","0","0","0","0","0"
"1634","0","0","0","","0","0","0","0","0","0","0"
"1635","1","0","0","","0","1","0","0","0","0","0"
"1636","1","0","0","","0","1","0","0","0","0","0"
"1637","1","0","0","","0","1","0","0","0","0","0"
"1638","1","0","0","","0","1","0","0","0","0","0"
"1639","1","0","0","","0","1","0","0","0","0","0"
"1640","1","0","0","","0","1","0","0","0","0","0"
"1641","1","0","0","","0","1","0","0","0","0","0"
"1642","1","0","0","","0","1","0","0","0","0","0"
"1643","1","0","0","","0","1","0","0","0","0","0"
"1644","1","0","0","","0","1","0","0","0","0","0"
"1645","1","0","0","","0","1","0","0","0","0","0"
"1646","1","0","0","","0","1","0","0","0","0","0"
"1647","1","0","0","","0","0","0","0","0","0","0"
"1648","1","0","0","","0","0","0","0","0","0","0"
"1649","1","0","0","","0","0","0","0","0","0","0"
"1650","1","0","0","","0","1","0","0","0","0","0"
"1651","1","0","0","","1","0","0","0","0","0","0"
"1652","1","0","0","","1","0","0","0","0","0","1"
"1653","1","0","0","","1","0","0","0","0","0","1"
"1654","1","0","0","","1","0","0","0","0","0","1"
"1655","1","0","0","","1","0","0","0","0","0","1"
"1656","1","0","0","","1","0","0","0","0","0","1"
"1657","1","0","0","","1","0","0","0","0","0","1"
"1658","1","0","0","","0","0","0","0","0","0","1"
"1659","1","0","0","","0","0","0","0","0","0","1"
"1660","1","0","0","","0","0","0","0","0","0","1"
"1661","1","0","0","","0","1","0","0","0","0","0"
"1662","1","0","0","","0","0","0","0","0","0","0"
"1663","1","0","0","","0","0","0","0","0","0","0"
"1664","1","0","0","","0","1","0","0","0","0","0"
"1665","1","0","0","","0","1","0","0","0","0","0"
"1666","1","0","0","","0","1","0","0","0","0","0"
"1667","1","0","0","","0","1","0","0","0","0","0"
"1668","1","0","0","","0","1","0","0","0","0","0"
"1669","1","0","0","","0","1","0","0","0","0","0"
"1670","1","0","0","","0","1","0","0","0","0","0"
"1671","1","0","0","","0","1","0","0","0","0","0"
"1672","1","0","0","","0","1","0","0","0","0","0"
"1673","1","0","0","","0","1","0","0","0","0","0"
"1674","1","0","0","","0","1","0","0","0","0","0"
"1675","1","0","0","","0","1","0","0","0","0","0"
"1676","1","0","0","","0","1","0","0","0","0","0"
"1677","1","0","0","","0","1","0","0","0","0","0"
"1678","1","0","0","","0","1","0","0","0","0","0"
"1679","1","0","0","","0","1","0","0","0","0","0"
"1680","1","0","0","","0","1","0","0","0","0","0"
"1681","1","0","0","","0","1","0","0","0","0","0"
"1682","1","0","0","","0","1","0","0","0","0","0"
"1683","1","0","0","","0","1","0","0","0","0","0"
"1684","1","0","0","","0","1","0","0","0","0","0"
"1685","1","0","0","","0","1","0","0","0","0","0"
"1686","1","0","0","","0","1","0","0","0","0","0"
"1687","1","0","0","","0","1","0","0","0","0","0"
"1688","1","0","0","","0","1","0","0","0","0","0"
"1689","1","0","0","","0","1","0","0","0","0","0"
"1690","1","0","0","","0","1","0","0","0","0","0"
"1691","1","0","0","","0","1","0","0","0","0","0"
"1692","1","0","0","","0","1","0","0","0","0","0"
"1693","1","0","0","","0","1","0","0","0","0","0"
"1694","1","0","0","","0","1","0","0","0","0","0"
"1695","1","1","0","","0","1","0","0","0","0","0"
"1696","1","1","0","","0","1","0","0","0","0","0"
"1697","1","1","0","","0","1","0","0","0","0","0"
"1698","1","1","0","","0","1","0","0","0","0","0"
"1699","1","1","0","","0","1","0","0","0","0","0"
"1700","1","1","0","","0","1","0","0","0","0","0"
"1701","1","1","0","","0","1","0","0","0","0","0"
"1702","1","1","0","","0","1","0","0","0","0","0"
"1703","1","1","0","","0","1","0","0","0","0","0"
"1704","1","1","0","","0","1","0","0","0","0","0"
"1705","1","1","0","","0","0","0","0","0","0","0"
"1706","1","1","0","","0","0","0","0","0","0","0"
"1707","1","1","0","","0","1","0","0","0","0","0"
"1708","1","1","0","","0","1","0","0","0","0","0"
"1709","1","1","0","","0","1","0","0","0","0","0"
"1710","1","1","0","","0","1","0","0","0","0","0"
"1711","1","1","0","","0","1","0","0","0","0","0"
"1712","1","1","0","","0","1","0","0","0","0","0"
"1713","1","1","0","","0","1","0","0","0","0","0"
"1714","1","1","0","","0","1","0","0","0","0","0"
"1715","1","1","0","","0","1","0","0","0","0","0"
"1716","1","1","0","","0","0","0","0","0","0","0"
"1717","1","1","0","","0","0","0","0","0","0","0"
"1718","1","1","0","","0","0","0","0","0","0","0"
"1719","1","1","0","","0","0","0","0","0","0","0"
"1720","1","1","0","","0","0","0","0","0","0","0"
"1721","1","1","0","","0","0","0","0","0","0","0"
"1722","1","1","0","","0","0","0","0","0","0","0"
"1723","1","0","0","","0","0","0","0","0","0","0"
"1724","1","0","0","","0","0","0","0","0","0","0"
"1725","1","0","0","","0","0","0","0","0","0","0"
"1726","1","0","0","","0","0","0","0","0","0","0"
"1727","1","0","0","","0","0","0","0","0","0","0"
"1728","1","0","0","","0","0","0","0","0","0","0"
"1729","1","0","0","","0","0","0","0","0","0","0"
"1730","1","0","0","","0","0","0","0","0","0","0"
"1731","1","0","0","","0","0","0","0","0","0","0"
"1732","1","0","0","","0","1","0","0","0","0","0"
"1733","1","1","0","","0","1","0","0","0","0","0"
"1734","1","1","0","","0","1","0","0","0","0","0"
"1735","1","1","0","","0","1","0","0","0","0","0"
"1736","1","1","0","","0","1","0","0","0","1","0"
"1737","1","1","0","","0","1","0","0","0","1","0"
"1738","1","1","0","","0","1","0","0","0","1","0"
"1739","1","1","0","","0","1","0","0","0","1","0"
"1740","1","1","0","","0","1","0","0","0","1","0"
"1741","1","1","0","","0","1","0","0","0","1","0"
"1742","1","1","0","","0","0","0","1","0","0","0"
"1743","1","1","0","","0","0","0","1","0","0","0"
"1744","1","1","0","","0","0","0","1","0","0","0"
"1745","1","1","0","","0","0","0","1","0","0","0"
"1746","1","1","0","","0","0","0","1","0","0","0"
"1747","1","1","0","","0","0","0","1","0","0","0"
"1748","1","1","0","","0","0","0","1","0","0","0"
"1749","1","0","0","","0","0","0","1","0","1","0"
"1750","1","0","0","","0","0","0","1","0","1","0"
"1751","1","0","0","","0","0","0","1","0","1","0"
"1752","0","0","0","","0","0","0","1","0","1","0"
"1753","0","0","0","","0","0","0","1","0","1","0"
"1754","0","0","0","","0","0","0","1","0","1","0"
"1755","1","0","0","","0","0","0","1","0","1","0"
"1756","0","0","0","","0","0","0","1","0","1","0"
"1757","0","0","0","","0","0","0","1","0","1","0"
"1758","0","0","0","","0","0","0","1","0","1","1"
"1759","1","0","0","","0","0","0","1","0","1","1"
"1760","1","0","0","","0","0","0","1","0","1","1"
"1761","1","0","0","","0","0","0","1","0","1","1"
"1762","1","0","0","","0","0","0","1","0","1","1"
"1763","1","0","0","","0","0","1","1","0","1","0"
"1764","1","0","0","","0","1","1","1","0","1","0"
"1765","1","0","0","","0","1","1","1","0","1","0"
"1766","1","0","0","","0","1","1","1","0","1","0"
"1767","1","0","0","","0","1","1","1","0","1","0"
"1768","1","0","0","","0","1","1","1","0","1","0"
"1769","1","0","0","","0","1","1","1","0","1","0"
"1770","1","0","0","","0","1","1","1","0","1","0"
"1771","1","0","0","","0","0","1","1","0","1","0"
"1772","1","0","0","","","0","1","1","0","1","0"
"1773","1","0","0","","","0","1","1","0","1","0"
"1774","1","0","0","","","0","1","0","0","1","0"
"1775","1","0","0","","","0","1","0","0","1","0"
"1776","1","0","0","","","0","1","0","0","1","0"
"1777","1","0","0","","","0","1","0","0","1","0"
"1778","1","0","0","","","0","1","0","0","1","0"
"1779","0","0","0","","","0","1","0","0","1","0"
"1780","0","0","0","","","0","1","0","0","1","0"
"1781","0","0","0","","","0","1","0","0","1","1"
"1782","0","0","0","","","0","1","0","0","1","1"
"1783","0","0","0","","","0","1","0","0","1","1"
"1784","0","0","0","","","0","1","0","0","1","1"
"1785","0","0","0","","","0","1","0","0","1","1"
"1786","0","0","1","","","0","1","0","0","1","1"
"1787","0","0","1","","","0","1","0","1","1","1"
"1788","0","0","1","","","0","1","0","1","1","1"
"1789","0","0","1","","","0","1","0","1","1","1"
"1790","0","0","1","","","0","1","0","1","1","1"
"1791","0","0","1","","","0","1","0","1","1","1"
"1792","0","0","1","","","1","1","0","1","1","1"
"1793","0","0","1","","","1","1","0","1","1","1"
"1794","0","0","0","","","1","1","0","1","1","1"
"1795","0","0","0","","","1","0","0","1","1","1"
"1796","0","0","0","","","1","1","0","1","1","1"
"1797","0","0","1","","","1","1","0","1","1","1"
"1798","0","0","1","","","1","1","0","1","1","1"
"1799","0","0","0","","","1","1","0","1","1","1"
"1800","0","0","0","","","1","1","0","1","1","1"
"1801","0","0","0","","","1","1","0","1","1","1"
"1802","0","0","0","","","1","1","0","1","1","1"
"1803","0","0","0","","","1","1","0","1","1","1"
"1804","0","0","0","","","1","1","0","1","1","1"
"1805","0","0","0","","","1","0","","","1","1"